domain,stratum,metric,a,b,old_difference,new_difference,old_ci_low,old_ci_high,new_ci_low,new_ci_high,difference_change,change_ci_low,change_ci_high,point_sign_preserved
current_fixed,all344,AP10,bge_vl_mllm_s1_retrieval_results_licensed,bge_vl_mllm_s1_retrieval_results_licensed_reranked,-0.04277113638288799,-0.022638959302480395,-0.06122058350039623,-0.023957322288390752,-0.03810421897404759,-0.0065434170744596365,0.02013217708040759,0.010040602912169953,0.031183379741812848,True
current_fixed,all344,AP10,bge_vl_mllm_s1_retrieval_results_licensed,bge_vl_mllm_s2_retrieval_results_licensed,0.022064530193287794,0.02142764483089231,0.008556835706714725,0.03639686831050704,0.010345892588955524,0.03308772571736213,-0.0006368853623954841,-0.008480935701593334,0.007868806794389865,True
current_fixed,all344,AP10,bge_vl_mllm_s1_retrieval_results_licensed,metaclip2_retrieval_results_combined,0.11759230815180634,0.09581863007172155,0.09629474986270445,0.13989587523176017,0.07768748034179825,0.11434395763026398,-0.021773678080084787,-0.03389226875979542,-0.01017584119603988,True
current_fixed,all344,AP10,bge_vl_mllm_s1_retrieval_results_licensed,metaclip2_retrieval_results_image_only,0.1976852610209998,0.14940378085892594,0.17331037951353406,0.22297235582231373,0.12817354673209086,0.17092090452740583,-0.04828148016207386,-0.0639899642567659,-0.03392276357419539,True
current_fixed,all344,AP10,bge_vl_mllm_s1_retrieval_results_licensed,metaclip2_retrieval_results_text_only,0.16059898447484985,0.12933274100064596,0.13668359161418817,0.18442937793007239,0.10873465556772158,0.15019197442162432,-0.03126624347420389,-0.04485408000633075,-0.018712096285812926,True
current_fixed,all344,AP10,bge_vl_mllm_s1_retrieval_results_licensed,metaclip2_slerp_retrieval_results_licensed,0.11844454704495468,0.09617760842668896,0.0970550479585159,0.14090676622369075,0.07820606832858092,0.11473562787802663,-0.022266938618265734,-0.03439161431494961,-0.01061530377974766,True
current_fixed,all344,AP10,bge_vl_mllm_s1_retrieval_results_licensed_reranked,bge_vl_mllm_s2_retrieval_results_licensed,0.06483566657617577,0.044066604133372704,0.04641344811913957,0.08452145331930813,0.027946860930627797,0.060450165660493306,-0.020769062442803077,-0.03107235261343603,-0.011397014928596603,True
current_fixed,all344,AP10,bge_vl_mllm_s1_retrieval_results_licensed_reranked,metaclip2_retrieval_results_combined,0.16036344453469434,0.11845758937420195,0.13969162825114112,0.1814290743993538,0.10065232932216507,0.13672681860292363,-0.04190585516049238,-0.05499656285999718,-0.030223970019950547,True
current_fixed,all344,AP10,bge_vl_mllm_s1_retrieval_results_licensed_reranked,metaclip2_retrieval_results_image_only,0.24045639740388777,0.17204274016140633,0.21579023034716271,0.26591625392065177,0.15047640067774673,0.1936966852838938,-0.06841365724248145,-0.08646670998221255,-0.052087602183932324,True
current_fixed,all344,AP10,bge_vl_mllm_s1_retrieval_results_licensed_reranked,metaclip2_retrieval_results_text_only,0.2033701208577378,0.15197170030312634,0.17973420766187723,0.22720393657864918,0.13193378541856263,0.172615753541984,-0.05139842055461148,-0.06729403054754181,-0.03719753734484353,True
current_fixed,all344,AP10,bge_vl_mllm_s1_retrieval_results_licensed_reranked,metaclip2_slerp_retrieval_results_licensed,0.16121568342784268,0.11881656772916933,0.14026891067512723,0.1827129152175677,0.10067496804172074,0.13738146585301597,-0.04239911569867333,-0.055691131988503395,-0.03062543768213583,True
current_fixed,all344,AP10,bge_vl_mllm_s2_retrieval_results_licensed,metaclip2_retrieval_results_combined,0.09552777795851854,0.07439098524082924,0.07492470620734908,0.11615536341345781,0.056717645485591564,0.09179711250322076,-0.021136792717689305,-0.032548315879958954,-0.010611547251715328,True
current_fixed,all344,AP10,bge_vl_mllm_s2_retrieval_results_licensed,metaclip2_retrieval_results_image_only,0.17562073082771196,0.1279761360280336,0.1538502435315523,0.19867127698909487,0.10865523357987489,0.1473894533375823,-0.04764459479967838,-0.06240938010648851,-0.03465554320561829,True
current_fixed,all344,AP10,bge_vl_mllm_s2_retrieval_results_licensed,metaclip2_retrieval_results_text_only,0.13853445428156205,0.10790509616975366,0.11620731956588756,0.16149838293572566,0.08912519647998564,0.12633573279324226,-0.030629358111808405,-0.04442727604928037,-0.018616427038275037,True
current_fixed,all344,AP10,bge_vl_mllm_s2_retrieval_results_licensed,metaclip2_slerp_retrieval_results_licensed,0.09638001685166689,0.07474996359579664,0.07605756663724843,0.11657029370757682,0.05739630398608412,0.09190825754225261,-0.021630053255870245,-0.033144334656582376,-0.011050660410665243,True
current_fixed,all344,AP10,metaclip2_retrieval_results_combined,metaclip2_retrieval_results_image_only,0.08009295286919345,0.05358515078720437,0.06442011620481301,0.09654370518868438,0.040817372467427,0.06648542668114077,-0.026507802081989072,-0.036651310728810296,-0.01742873024796104,True
current_fixed,all344,AP10,metaclip2_retrieval_results_combined,metaclip2_retrieval_results_text_only,0.043006676323043516,0.033514110928924416,0.02951104214710643,0.05687254433280413,0.022828352709553204,0.04456156764192467,-0.009492565394119105,-0.017972831998166437,-0.0020772823841054187,True
current_fixed,all344,AP10,metaclip2_retrieval_results_combined,metaclip2_slerp_retrieval_results_licensed,0.0008522388931483447,0.0003589783549674017,-0.002253746250773089,0.004074413471031132,-0.002171383272619506,0.0030462794629647163,-0.000493260538180943,-0.0018601888464721134,0.0007312304410985129,True
current_fixed,all344,AP10,metaclip2_retrieval_results_image_only,metaclip2_retrieval_results_text_only,-0.03708627654614992,-0.020071039858279956,-0.056703060680682336,-0.018057471636570448,-0.03476529282400247,-0.005469597355895833,0.017015236687869965,0.007709293673831784,0.02762396511025172,True
current_fixed,all344,AP10,metaclip2_retrieval_results_image_only,metaclip2_slerp_retrieval_results_licensed,-0.0792407139760451,-0.05322617243223697,-0.09417484840425001,-0.06517871820824589,-0.06523453728507536,-0.04171261766102003,0.02601454154380813,0.017286099933614078,0.035710544577846955,True
current_fixed,all344,AP10,metaclip2_retrieval_results_text_only,metaclip2_slerp_retrieval_results_licensed,-0.04215443742989518,-0.03315513257395701,-0.05670155154331659,-0.027574982649497457,-0.04481096787143806,-0.021869918844134414,0.008999304855938162,0.001281610029109893,0.017318150914508966,True
current_fixed,all344,P10,bge_vl_mllm_s1_retrieval_results_licensed,bge_vl_mllm_s1_retrieval_results_licensed_reranked,-0.03859397417503588,-0.028598756575801056,-0.04871076055348038,-0.02905942852708294,-0.037629149833435516,-0.020077524142188063,0.009995217599234819,0.0054216239669190895,0.015272654383733472,True
current_fixed,all344,P10,bge_vl_mllm_s1_retrieval_results_licensed,bge_vl_mllm_s2_retrieval_results_licensed,0.003682448589191779,0.003969392635102826,-0.005937545124361578,0.01372241075765749,-0.0046185374449702965,0.012922559585680409,0.0002869440459110475,-0.0031449775639916483,0.0037542949679654136,True
current_fixed,all344,P10,bge_vl_mllm_s1_retrieval_results_licensed,metaclip2_retrieval_results_combined,0.06771879483500717,0.05705404112864657,0.05326189043234979,0.08235364145658261,0.04344531289445595,0.07067181935062729,-0.010664753706360594,-0.0161865493275257,-0.005208295316301704,True
current_fixed,all344,P10,bge_vl_mllm_s1_retrieval_results_licensed,metaclip2_retrieval_results_image_only,0.1439502630320421,0.11793400286944045,0.12389268029106625,0.16541708871721125,0.10043324486669196,0.13668694739168874,-0.02601626016260163,-0.034867744065933196,-0.017399060897039714,True
current_fixed,all344,P10,bge_vl_mllm_s1_retrieval_results_licensed,metaclip2_retrieval_results_text_only,0.13357245337159251,0.10994739359158298,0.11755192964248887,0.14961361927171313,0.09501313201883764,0.12503650118763449,-0.02362505978000956,-0.030424278261845104,-0.017138648326218312,True
current_fixed,all344,P10,bge_vl_mllm_s1_retrieval_results_licensed,metaclip2_slerp_retrieval_results_licensed,0.06044954567192731,0.05136298421807748,0.04606520708281412,0.07501174242826827,0.03765539081126957,0.06477346534556554,-0.009086561453849831,-0.014519502146641314,-0.0035987429384114725,True
current_fixed,all344,P10,bge_vl_mllm_s1_retrieval_results_licensed_reranked,bge_vl_mllm_s2_retrieval_results_licensed,0.04227642276422765,0.032568149210903875,0.030351799396606198,0.054800045756119874,0.022039564052120538,0.043577818900622144,-0.009708273553323772,-0.01575512597374069,-0.0044293058590422615,True
current_fixed,all344,P10,bge_vl_mllm_s1_retrieval_results_licensed_reranked,metaclip2_retrieval_results_combined,0.10631276901004305,0.08565279770444764,0.0907684460330399,0.12209944763874085,0.07153441454184029,0.1001813504130929,-0.02065997130559541,-0.027082741232050057,-0.014792506915556312,True
current_fixed,all344,P10,bge_vl_mllm_s1_retrieval_results_licensed_reranked,metaclip2_retrieval_results_image_only,0.18254423720707794,0.1465327594452415,0.1613248103913176,0.20551563419933894,0.12775814294601429,0.16670045255084132,-0.03601147776183645,-0.04691079672076609,-0.025956740760820468,True
current_fixed,all344,P10,bge_vl_mllm_s1_retrieval_results_licensed_reranked,metaclip2_retrieval_results_text_only,0.17216642754662842,0.13854615016738403,0.154901033643768,0.19018228439569837,0.12171613933997437,0.15601463079531502,-0.03362027737924438,-0.04227458187892618,-0.02580474795576482,True
current_fixed,all344,P10,bge_vl_mllm_s1_retrieval_results_licensed_reranked,metaclip2_slerp_retrieval_results_licensed,0.09904351984696316,0.07996174079387854,0.08372862141177526,0.11488194733258077,0.0661764574362076,0.09423636048946324,-0.01908177905308465,-0.025397704345449756,-0.01324272263010785,True
current_fixed,all344,P10,bge_vl_mllm_s2_retrieval_results_licensed,metaclip2_retrieval_results_combined,0.06403634624581539,0.05308464849354375,0.04990130204243211,0.07822603367266136,0.04033045440932046,0.0665836073746103,-0.010951697752271639,-0.016984682959175244,-0.005016879709983591,True
current_fixed,all344,P10,bge_vl_mllm_s2_retrieval_results_licensed,metaclip2_retrieval_results_image_only,0.1402678144428503,0.11396461023433763,0.12167789900639969,0.1605960485081813,0.09757146667226534,0.1316190297438707,-0.026303204208512673,-0.03500005960896519,-0.018185919818265953,True
current_fixed,all344,P10,bge_vl_mllm_s2_retrieval_results_licensed,metaclip2_retrieval_results_text_only,0.1298900047824008,0.10597800095648015,0.11428467958888046,0.14572479237738167,0.09153776371189302,0.12083779395964864,-0.02391200382592061,-0.031188357682891608,-0.016989815533317857,True
current_fixed,all344,P10,bge_vl_mllm_s2_retrieval_results_licensed,metaclip2_slerp_retrieval_results_licensed,0.05676709708273553,0.047393591582974647,0.04273922142157063,0.07102562877180865,0.03464338361986445,0.06062225260200304,-0.00937350549976088,-0.015407366946061922,-0.0032553035640397673,True
current_fixed,all344,P10,metaclip2_retrieval_results_combined,metaclip2_retrieval_results_image_only,0.0762314681970349,0.06087996174079388,0.06040432055067892,0.09299865831842576,0.047786650591604224,0.07488861811338095,-0.015351506456241034,-0.023309281324831947,-0.007999809705042821,True
current_fixed,all344,P10,metaclip2_retrieval_results_combined,metaclip2_retrieval_results_text_only,0.06585365853658535,0.05289335246293639,0.055308139838643654,0.07686262331489067,0.043333215464403586,0.06329469066402485,-0.012960306073648972,-0.01756452026467975,-0.008724468868491264,True
current_fixed,all344,P10,metaclip2_retrieval_results_combined,metaclip2_slerp_retrieval_results_licensed,-0.007269249163079866,-0.005691056910569105,-0.00971627437956989,-0.004870949554378914,-0.007912966785985343,-0.003479001577390121,0.0015781922525107603,0.0005365788253201886,0.0026846281673086076,True
current_fixed,all344,P10,metaclip2_retrieval_results_image_only,metaclip2_retrieval_results_text_only,-0.010377809660449547,-0.007986609277857486,-0.029163671618183718,0.007905755747754872,-0.02396470795999554,0.0070362528311178,0.002391200382592061,-0.005480803352912381,0.010471923832021827,True
current_fixed,all344,P10,metaclip2_retrieval_results_image_only,metaclip2_slerp_retrieval_results_licensed,-0.08350071736011477,-0.06657101865136297,-0.10009855908427075,-0.06817277088210137,-0.08052997642039345,-0.05390078270454653,0.016929698708751797,0.009483499189266522,0.02520451218623551,True
current_fixed,all344,P10,metaclip2_retrieval_results_text_only,metaclip2_slerp_retrieval_results_licensed,-0.07312290769966523,-0.0585844093735055,-0.08538062380071272,-0.061333359148459735,-0.06997248621943565,-0.047812850148542634,0.014538498326159735,0.009714882001534437,0.01971377420742395,True
current_fixed,all344,AP_range,bge_vl_mllm_s1_retrieval_results_licensed,bge_vl_mllm_s1_retrieval_results_licensed_reranked,-0.059880810016728486,-0.041638591617740986,-0.08437963256834065,-0.03468713066367708,-0.061525157416795054,-0.02141688112491398,0.018242218398987497,0.0016902368257244403,0.035540643954449856,True
current_fixed,all344,AP_range,bge_vl_mllm_s1_retrieval_results_licensed,bge_vl_mllm_s2_retrieval_results_licensed,0.023626118863781513,0.026558493202405855,0.0067416593203263485,0.04123756709957521,0.010906661716780347,0.042622565066628634,0.0029323743386243384,-0.008731594249269734,0.014400430851133808,True
current_fixed,all344,AP_range,bge_vl_mllm_s1_retrieval_results_licensed,metaclip2_retrieval_results_combined,0.05046808624397218,0.06357963213816965,0.028435073057949924,0.07282144773215461,0.043898705076085835,0.08464981202636969,0.013111545894197474,-0.002267765351680499,0.02889944948831052,True
current_fixed,all344,AP_range,bge_vl_mllm_s1_retrieval_results_licensed,metaclip2_retrieval_results_image_only,0.231202592713442,0.19920854509439434,0.21016292312483065,0.25328123903454525,0.1787838844684699,0.22158673053362152,-0.031994047619047616,-0.04829362070215933,-0.015916042480430957,True
current_fixed,all344,AP_range,bge_vl_mllm_s1_retrieval_results_licensed,metaclip2_retrieval_results_text_only,0.031467941316276726,0.05815614480611366,0.003714345113045217,0.05978916759458892,0.03401380198916499,0.0831590546779084,0.026688203489836932,0.009732167084541637,0.044958263504073864,True
current_fixed,all344,AP_range,bge_vl_mllm_s1_retrieval_results_licensed,metaclip2_slerp_retrieval_results_licensed,0.0735670198581155,0.07826328281097109,0.05202423045911023,0.09552808612884565,0.05838915431731369,0.09915723020475593,0.00469626295285556,-0.010353731059538674,0.02018788220296497,True
current_fixed,all344,AP_range,bge_vl_mllm_s1_retrieval_results_licensed_reranked,bge_vl_mllm_s2_retrieval_results_licensed,0.08350692888050999,0.06819708482014683,0.06000149481514925,0.10772858853777151,0.047731474275311145,0.08852630818835251,-0.015309844060363158,-0.03172363422355944,0.0006664023244474936,True
current_fixed,all344,AP_range,bge_vl_mllm_s1_retrieval_results_licensed_reranked,metaclip2_retrieval_results_combined,0.11034889626070066,0.10521822375591063,0.08320146787700698,0.13629094416651252,0.08308459434297405,0.1273192836081695,-0.005130672504790024,-0.02353247768525668,0.013403293279204337,True
current_fixed,all344,AP_range,bge_vl_mllm_s1_retrieval_results_licensed_reranked,metaclip2_retrieval_results_image_only,0.29108340273017047,0.2408471367121353,0.26748452245578286,0.31487001125691816,0.21814423310656628,0.2648997904257043,-0.050236266018035124,-0.07026475147341384,-0.030906463728100374,True
current_fixed,all344,AP_range,bge_vl_mllm_s1_retrieval_results_licensed_reranked,metaclip2_retrieval_results_text_only,0.0913487513330052,0.09979473642385464,0.05954086699430869,0.1227729756507104,0.07431820546618043,0.12525749610179482,0.008445985090849437,-0.012137300750271229,0.02981985671720387,True
current_fixed,all344,AP_range,bge_vl_mllm_s1_retrieval_results_licensed_reranked,metaclip2_slerp_retrieval_results_licensed,0.133447829874844,0.11990187442871206,0.10742775212811738,0.15858969587072813,0.09798133691151624,0.1418122299753829,-0.013545955446131939,-0.03170701841436442,0.004662456224125875,True
current_fixed,all344,AP_range,bge_vl_mllm_s2_retrieval_results_licensed,metaclip2_retrieval_results_combined,0.02684196738019066,0.037021138935763795,0.004292899217565412,0.04958322541346266,0.016395842951691567,0.058781212280361955,0.010179171555573132,-0.00397685651540476,0.025188007371463622,True
current_fixed,all344,AP_range,bge_vl_mllm_s2_retrieval_results_licensed,metaclip2_retrieval_results_image_only,0.20757647384966044,0.17265005189198848,0.18877894284041088,0.22807741242357676,0.15269388522058286,0.19314782658088106,-0.034926421957671955,-0.04855121502304626,-0.02219722171951062,True
current_fixed,all344,AP_range,bge_vl_mllm_s2_retrieval_results_licensed,metaclip2_retrieval_results_text_only,0.007841822452495206,0.0315976516037078,-0.01961470988485276,0.03578449736843838,0.00882480581047068,0.05545348936513906,0.02375582915121259,0.008415151755430736,0.04078173199235781,True
current_fixed,all344,AP_range,bge_vl_mllm_s2_retrieval_results_licensed,metaclip2_slerp_retrieval_results_licensed,0.049940900994333993,0.05170478960856521,0.02835071389588908,0.07129226083732064,0.031617904387891645,0.07251878488825939,0.00176388861423122,-0.01173841764041965,0.015803391202400225,True
current_fixed,all344,AP_range,metaclip2_retrieval_results_combined,metaclip2_retrieval_results_image_only,0.18073450646946979,0.13562891295622467,0.16263128286640174,0.19959264930797738,0.11906414989794419,0.15270621371563753,-0.045105593513245085,-0.05976237752021863,-0.03214242335277474,True
current_fixed,all344,AP_range,metaclip2_retrieval_results_combined,metaclip2_retrieval_results_text_only,-0.019000144927695452,-0.005423487332055992,-0.03852039340548289,-5.527741427415414e-05,-0.021950034808222538,0.010533153275281966,0.01357665759563946,0.0024540104013776255,0.02529288134671367,True
current_fixed,all344,AP_range,metaclip2_retrieval_results_combined,metaclip2_slerp_retrieval_results_licensed,0.023098933614143335,0.014683650672801418,0.01698637239695532,0.029712593205149747,0.009941643104697835,0.019461979860728954,-0.008415282941341914,-0.013870893190770037,-0.0035735788102944617,True
current_fixed,all344,AP_range,metaclip2_retrieval_results_image_only,metaclip2_retrieval_results_text_only,-0.19973465139716523,-0.14105240028828067,-0.2272175590176416,-0.17369340228990077,-0.1648856316811319,-0.11843489129617957,0.058682251108884545,0.04251747485064645,0.07663901605280775,True
current_fixed,all344,AP_range,metaclip2_retrieval_results_image_only,metaclip2_slerp_retrieval_results_licensed,-0.15763557285532645,-0.12094526228342327,-0.17444191198733822,-0.1413859874478265,-0.1365608291620422,-0.10569339853225053,0.03669031057190318,0.025088113147540322,0.04928954853482105,True
current_fixed,all344,AP_range,metaclip2_retrieval_results_text_only,metaclip2_slerp_retrieval_results_licensed,0.04209907854183878,0.020107138004857413,0.021843645973018935,0.06266823039330742,0.0028371862793910374,0.037558471397145195,-0.021991940536981374,-0.034929809439158466,-0.010615200779501592,True
current_fixed,all344,P_range,bge_vl_mllm_s1_retrieval_results_licensed,bge_vl_mllm_s1_retrieval_results_licensed_reranked,-0.02819767441860465,-0.02063953488372093,-0.041880530973451326,-0.013994169096209914,-0.0334317281241813,-0.007439924226367111,0.00755813953488372,-0.001483679525222552,0.016761404689963216,True
current_fixed,all344,P_range,bge_vl_mllm_s1_retrieval_results_licensed,bge_vl_mllm_s2_retrieval_results_licensed,0.018313953488372094,0.015988372093023253,0.005276685369450611,0.031767955801104975,0.003206764017899516,0.028450304259634854,-0.002325581395348838,-0.01075659790494271,0.005966015094979645,True
current_fixed,all344,P_range,bge_vl_mllm_s1_retrieval_results_licensed,metaclip2_retrieval_results_combined,-0.004941860465116278,0.008720930232558138,-0.02215825358550172,0.011646520916543973,-0.007888088059146673,0.025,0.013662790697674416,0.004268119456762749,0.023976903965115096,False
current_fixed,all344,P_range,bge_vl_mllm_s1_retrieval_results_licensed,metaclip2_retrieval_results_image_only,0.1694767441860465,0.15290697674418605,0.15297572937625756,0.18656915718145178,0.13531031904287139,0.1716375360041896,-0.016569767441860464,-0.027089478048073677,-0.005847526980717105,True
current_fixed,all344,P_range,bge_vl_mllm_s1_retrieval_results_licensed,metaclip2_retrieval_results_text_only,-0.012209302325581395,0.01191860465116279,-0.03343197474167623,0.009821428571428568,-0.007671000874125878,0.03200028328611898,0.024127906976744187,0.012344054580896685,0.036752136752136746,False
current_fixed,all344,P_range,bge_vl_mllm_s1_retrieval_results_licensed,metaclip2_slerp_retrieval_results_licensed,0.01075581395348837,0.02063953488372093,-0.005202312138728328,0.0267656170537379,0.004842342342342341,0.0361523718156371,0.00988372093023256,0.0008547008547008555,0.01958528698132694,True
current_fixed,all344,P_range,bge_vl_mllm_s1_retrieval_results_licensed_reranked,bge_vl_mllm_s2_retrieval_results_licensed,0.046511627906976744,0.03662790697674419,0.030791788856304986,0.06175658223629394,0.022618330464716008,0.05029082668226228,-0.00988372093023256,-0.020882682177348552,0.0008645533141210385,True
current_fixed,all344,P_range,bge_vl_mllm_s1_retrieval_results_licensed_reranked,metaclip2_retrieval_results_combined,0.02325581395348837,0.029360465116279075,0.005043766357676181,0.04121081702816117,0.013081065010570825,0.0459158614477563,0.006104651162790699,-0.0053673792056665795,0.01802385785055731,True
current_fixed,all344,P_range,bge_vl_mllm_s1_retrieval_results_licensed_reranked,metaclip2_retrieval_results_image_only,0.19767441860465115,0.173546511627907,0.181022989653137,0.21454222950529253,0.15588214225518288,0.1919406416194888,-0.024127906976744187,-0.03657159713442899,-0.011641443943075324,True
current_fixed,all344,P_range,bge_vl_mllm_s1_retrieval_results_licensed_reranked,metaclip2_retrieval_results_text_only,0.01598837209302326,0.03255813953488372,-0.0063064816593849955,0.038484552456377004,0.01337161859084949,0.05232558139534884,0.016569767441860467,0.0038348082595870228,0.030387015005022597,True
current_fixed,all344,P_range,bge_vl_mllm_s1_retrieval_results_licensed_reranked,metaclip2_slerp_retrieval_results_licensed,0.03895348837209302,0.04127906976744186,0.021546077990492102,0.05626822157434402,0.024848585322723257,0.05771428571428571,0.0023255813953488398,-0.009011689321978381,0.014080560951918413,True
current_fixed,all344,P_range,bge_vl_mllm_s2_retrieval_results_licensed,metaclip2_retrieval_results_combined,-0.02325581395348838,-0.007267441860465119,-0.0407090516138933,-0.006119990164740635,-0.024566473988439308,0.010234668415907793,0.015988372093023256,0.004970458170218936,0.027627820127820123,True
current_fixed,all344,P_range,bge_vl_mllm_s2_retrieval_results_licensed,metaclip2_retrieval_results_image_only,0.1511627906976744,0.13691860465116282,0.13670473201764888,0.16636643339768342,0.12108224094881398,0.1535294117647059,-0.014244186046511623,-0.02434036720642611,-0.0038453079178885742,True
current_fixed,all344,P_range,bge_vl_mllm_s2_retrieval_results_licensed,metaclip2_retrieval_results_text_only,-0.030523255813953487,-0.0040697674418604685,-0.0524506452458019,-0.008656072316986504,-0.024332540007135587,0.01681903249954822,0.026453488372093024,0.01432748538011696,0.03976953432014671,True
current_fixed,all344,P_range,bge_vl_mllm_s2_retrieval_results_licensed,metaclip2_slerp_retrieval_results_licensed,-0.007558139534883725,0.004651162790697674,-0.024148009626077285,0.008982035928143709,-0.011560993807996432,0.021131379477772973,0.012209302325581399,0.0014618817451792754,0.02351274787535411,False
current_fixed,all344,P_range,metaclip2_retrieval_results_combined,metaclip2_retrieval_results_image_only,0.1744186046511628,0.14418604651162792,0.15820840970585667,0.1908019309089982,0.12748142879721827,0.16124379652605456,-0.03023255813953488,-0.04164423652395962,-0.019881715620496017,True
current_fixed,all344,P_range,metaclip2_retrieval_results_combined,metaclip2_retrieval_results_text_only,-0.007267441860465115,0.0031976744186046507,-0.02314594446426551,0.008284065934065934,-0.010423271266014163,0.016906536836481943,0.010465116279069766,0.0008642462994498305,0.02057142857142857,False
current_fixed,all344,P_range,metaclip2_retrieval_results_combined,metaclip2_slerp_retrieval_results_licensed,0.01569767441860465,0.011918604651162791,0.009226083264717994,0.022023809523809522,0.005916723394599503,0.017681546165119685,-0.0037790697674418587,-0.00828406593406593,0.0005698005698005708,True
current_fixed,all344,P_range,metaclip2_retrieval_results_image_only,metaclip2_retrieval_results_text_only,-0.1816860465116279,-0.14098837209302326,-0.2043227665706052,-0.16017286712829895,-0.16285866261398177,-0.12016919618482119,0.04069767441860465,0.02857142857142857,0.05347499724965515,True
current_fixed,all344,P_range,metaclip2_retrieval_results_image_only,metaclip2_slerp_retrieval_results_licensed,-0.15872093023255812,-0.13226744186046513,-0.17367021664156995,-0.14373129833627205,-0.1480831548801569,-0.11642545466386625,0.026453488372093024,0.01651675187501622,0.036982547799021784,True
current_fixed,all344,P_range,metaclip2_retrieval_results_text_only,metaclip2_slerp_retrieval_results_licensed,0.022965116279069765,0.008720930232558138,0.005933842773736684,0.03965014577259474,-0.006195148452636539,0.023653093221840338,-0.014244186046511629,-0.024645991541092357,-0.0043100360636300775,True
current_fixed,split121,AP10,bge_vl_mllm_s1_retrieval_results_licensed,bge_vl_mllm_s1_retrieval_results_licensed_reranked,-0.0338977548977549,-0.01959011051868195,-0.06254570423674377,-0.0051641074421257685,-0.042459327192404826,0.003806761545037546,0.014307644379072951,0.0021383187490902674,0.026098379477824285,True
current_fixed,split121,AP10,bge_vl_mllm_s1_retrieval_results_licensed,bge_vl_mllm_s2_retrieval_results_licensed,0.015042965159036588,0.012340809346761732,-0.003258855258795477,0.034156190014542676,-0.0014620236010492369,0.026932841399338863,-0.0027021558122748606,-0.01022906271379187,0.005115552280048274,True
current_fixed,split121,AP10,bge_vl_mllm_s1_retrieval_results_licensed,metaclip2_retrieval_results_combined,0.08390438929575833,0.05723590214364024,0.05192527594892589,0.11699786435369587,0.031578586543715065,0.08292586742887295,-0.02666848715211811,-0.03926693719080962,-0.015002868047254148,True
current_fixed,split121,AP10,bge_vl_mllm_s1_retrieval_results_licensed,metaclip2_retrieval_results_image_only,0.14517165826540823,0.09953619520881424,0.10894389776749862,0.18313983392055058,0.0715568576866771,0.12979893869568762,-0.04563546305659401,-0.06155462015743589,-0.030582087929461304,True
current_fixed,split121,AP10,bge_vl_mllm_s1_retrieval_results_licensed,metaclip2_retrieval_results_text_only,0.126370346749811,0.0872405841215365,0.08953823532265678,0.16294926366111967,0.05785871074253302,0.11598379531145003,-0.039129762628274535,-0.05328312496684429,-0.025493610762668695,True
current_fixed,split121,AP10,bge_vl_mllm_s1_retrieval_results_licensed,metaclip2_slerp_retrieval_results_licensed,0.08359640358896311,0.05807490079365079,0.053135921778319696,0.11505896242285144,0.03393283493529275,0.08323163158481571,-0.025521502795312314,-0.03856842506557296,-0.013132147743608463,True
current_fixed,split121,AP10,bge_vl_mllm_s1_retrieval_results_licensed_reranked,bge_vl_mllm_s2_retrieval_results_licensed,0.048940720056791495,0.03193091986544368,0.020837085379864777,0.07795027732039399,0.01002037460153519,0.05599833551540198,-0.017009800191347815,-0.029322717091878295,-0.0046394518749336595,True
current_fixed,split121,AP10,bge_vl_mllm_s1_retrieval_results_licensed_reranked,metaclip2_retrieval_results_combined,0.11780214419351324,0.07682601266232218,0.08680750335576633,0.14997683587491284,0.05355719696183036,0.1004678397616352,-0.040976131531191055,-0.05546336921934454,-0.02739796008770683,True
current_fixed,split121,AP10,bge_vl_mllm_s1_retrieval_results_licensed_reranked,metaclip2_retrieval_results_image_only,0.17906941316316316,0.11912630572749619,0.14249319049299916,0.21788359750475544,0.09143912052029537,0.14791753332054428,-0.05994310743566695,-0.07739163138861886,-0.04355308020149953,True
current_fixed,split121,AP10,bge_vl_mllm_s1_retrieval_results_licensed_reranked,metaclip2_retrieval_results_text_only,0.1602681016475659,0.10683069464021845,0.1278802636596595,0.1943797847442176,0.08125989372826681,0.13330644962638644,-0.05343740700734748,-0.06876400679576435,-0.038925275162798666,True
current_fixed,split121,AP10,bge_vl_mllm_s1_retrieval_results_licensed_reranked,metaclip2_slerp_retrieval_results_licensed,0.11749415848671799,0.07766501131233274,0.08556763985508664,0.15017881816085213,0.054190743035708,0.10103312205966544,-0.03982914717438527,-0.054327537394490984,-0.025391129478372364,True
current_fixed,split121,AP10,bge_vl_mllm_s2_retrieval_results_licensed,metaclip2_retrieval_results_combined,0.06886142413672175,0.044895092796878505,0.038202851400625217,0.09922479803266238,0.02048514124591577,0.06915081538837252,-0.023966331339843248,-0.036557527733883446,-0.012038518839908542,True
current_fixed,split121,AP10,bge_vl_mllm_s2_retrieval_results_licensed,metaclip2_retrieval_results_image_only,0.1301286931063717,0.08719538586205253,0.09908572387172743,0.16195985410771319,0.06318573013431993,0.1129537119362979,-0.04293330724431915,-0.05811878934775753,-0.028678022914332177,True
current_fixed,split121,AP10,bge_vl_mllm_s2_retrieval_results_licensed,metaclip2_retrieval_results_text_only,0.11132738159077445,0.07489977477477477,0.07628661877796228,0.14496660027010833,0.04791020120958929,0.10043235200462344,-0.03642760681599967,-0.05070777812729576,-0.02281578463347716,True
current_fixed,split121,AP10,bge_vl_mllm_s2_retrieval_results_licensed,metaclip2_slerp_retrieval_results_licensed,0.06855343842992652,0.045734091446889065,0.03937264503458547,0.09779686876219879,0.02271167700124143,0.06864497869759321,-0.022819346983037454,-0.03553624645874689,-0.010583008873452754,True
current_fixed,split121,AP10,metaclip2_retrieval_results_combined,metaclip2_retrieval_results_image_only,0.06126726896964991,0.042300293065174015,0.03471371825942311,0.08931049006771467,0.022512485037200363,0.06432162346948155,-0.018966975904475897,-0.030262480175575802,-0.008481607700546024,True
current_fixed,split121,AP10,metaclip2_retrieval_results_combined,metaclip2_retrieval_results_text_only,0.04246595745405269,0.030004681977896262,0.022520318873101658,0.06319425148136845,0.014774887979542016,0.046158433064117745,-0.012461275476156431,-0.020987834609114235,-0.004362258215912562,True
current_fixed,split121,AP10,metaclip2_retrieval_results_combined,metaclip2_slerp_retrieval_results_licensed,-0.0003079857067952333,0.0008389986500105564,-0.006935851697020386,0.006615845940430643,-0.00429967395841046,0.006539098712871035,0.0011469843568057898,-0.0009492762799235947,0.003391551620236372,False
current_fixed,split121,AP10,metaclip2_retrieval_results_image_only,metaclip2_retrieval_results_text_only,-0.018801311515597226,-0.012295611087277756,-0.05201980796762606,0.012027069549374082,-0.037874520342441,0.01119970297801392,0.006505700428319471,-0.00516657248249134,0.01975920223089301,True
current_fixed,split121,AP10,metaclip2_retrieval_results_image_only,metaclip2_slerp_retrieval_results_licensed,-0.06157525467644515,-0.04146129441516346,-0.08651636743670459,-0.038266968737489346,-0.05999385522046922,-0.024336310396771775,0.020113960261281687,0.009988937757841836,0.031215818613406082,True
current_fixed,split121,AP10,metaclip2_retrieval_results_text_only,metaclip2_slerp_retrieval_results_licensed,-0.04277394316084793,-0.029165683327885703,-0.06531570585480659,-0.019485078136126162,-0.046715368254204935,-0.011497127307382497,0.013608259832962216,0.004606587129186069,0.023278169168944193,True
current_fixed,split121,P10,bge_vl_mllm_s1_retrieval_results_licensed,bge_vl_mllm_s1_retrieval_results_licensed_reranked,-0.0295945945945946,-0.021081081081081084,-0.044398920930952865,-0.014070773464595778,-0.03238875919637804,-0.009102774735304856,0.008513513513513518,0.0010972812521082217,0.016214117260170996,True
current_fixed,split121,P10,bge_vl_mllm_s1_retrieval_results_licensed,bge_vl_mllm_s2_retrieval_results_licensed,-0.0008108108108108148,0.0024324324324324306,-0.01542628964883746,0.013750957520891345,-0.00913937586733887,0.013812245565571382,0.0032432432432432457,-0.0025200614453411594,0.009103083529771261,False
current_fixed,split121,P10,bge_vl_mllm_s1_retrieval_results_licensed,metaclip2_retrieval_results_combined,0.058243243243243245,0.03986486486486487,0.035890248310261316,0.08144221890759283,0.020923668402986872,0.05919561325388589,-0.018378378378378378,-0.026977729934353472,-0.009806430531350812,True
current_fixed,split121,P10,bge_vl_mllm_s1_retrieval_results_licensed,metaclip2_retrieval_results_image_only,0.10743243243243242,0.0741891891891892,0.07506583892617448,0.1420333912145673,0.049187350615922054,0.10095244591697523,-0.03324324324324324,-0.047222503373819155,-0.020054173549703624,True
current_fixed,split121,P10,bge_vl_mllm_s1_retrieval_results_licensed,metaclip2_retrieval_results_text_only,0.12499999999999996,0.0881081081081081,0.09930449244774694,0.15142981950844853,0.06751336898395723,0.10966052287217752,-0.03689189189189189,-0.04774912993846925,-0.026720647773279357,True
current_fixed,split121,P10,bge_vl_mllm_s1_retrieval_results_licensed,metaclip2_slerp_retrieval_results_licensed,0.050810810810810805,0.03513513513513514,0.02858833190898408,0.0743564030041852,0.016620551038676646,0.05429020735645441,-0.01567567567567567,-0.024230453670638225,-0.007053745122513466,True
current_fixed,split121,P10,bge_vl_mllm_s1_retrieval_results_licensed_reranked,bge_vl_mllm_s2_retrieval_results_licensed,0.028783783783783785,0.023513513513513513,0.010924310149591753,0.04644545542762873,0.009848907225691341,0.03713585622847321,-0.005270270270270275,-0.012933569482288828,0.0025165562913907185,True
current_fixed,split121,P10,bge_vl_mllm_s1_retrieval_results_licensed_reranked,metaclip2_retrieval_results_combined,0.08783783783783784,0.06094594594594594,0.06096700970500445,0.11465488428427967,0.04051924138184761,0.0814771134861995,-0.026891891891891895,-0.03758260251265359,-0.016714227484472047,True
current_fixed,split121,P10,bge_vl_mllm_s1_retrieval_results_licensed_reranked,metaclip2_retrieval_results_image_only,0.13702702702702704,0.09527027027027027,0.10287554923752909,0.1739014733155104,0.06979756048497704,0.12186107326506389,-0.04175675675675677,-0.057011398352925555,-0.027485439609467373,True
current_fixed,split121,P10,bge_vl_mllm_s1_retrieval_results_licensed_reranked,metaclip2_retrieval_results_text_only,0.15459459459459457,0.10918918918918918,0.12780993291929024,0.1834867787922583,0.08861711293743371,0.13113904368934695,-0.04540540540540541,-0.058439438040584116,-0.0333800415071453,True
current_fixed,split121,P10,bge_vl_mllm_s1_retrieval_results_licensed_reranked,metaclip2_slerp_retrieval_results_licensed,0.0804054054054054,0.05621621621621621,0.05375671231816775,0.10740825355381489,0.03608379843423898,0.0768326301410902,-0.024189189189189195,-0.03480068370685862,-0.013860804487759493,True
current_fixed,split121,P10,bge_vl_mllm_s2_retrieval_results_licensed,metaclip2_retrieval_results_combined,0.059054054054054055,0.037432432432432425,0.03577175173566965,0.08420472853424504,0.017969471159311554,0.05743563223490351,-0.021621621621621623,-0.030718289403304403,-0.012969925310939002,True
current_fixed,split121,P10,bge_vl_mllm_s2_retrieval_results_licensed,metaclip2_retrieval_results_image_only,0.10824324324324325,0.07175675675675676,0.07770147591725803,0.14013951502732241,0.048401515921163395,0.09639464140245378,-0.03648648648648649,-0.04979667120130059,-0.024064994142699195,True
current_fixed,split121,P10,bge_vl_mllm_s2_retrieval_results_licensed,metaclip2_retrieval_results_text_only,0.12581081081081083,0.08567567567567569,0.1010523260103503,0.15302867357401603,0.06591856522111153,0.10688282361308679,-0.04013513513513514,-0.051482579951919565,-0.029371209291082494,True
current_fixed,split121,P10,bge_vl_mllm_s2_retrieval_results_licensed,metaclip2_slerp_retrieval_results_licensed,0.05162162162162163,0.0327027027027027,0.028251535626535637,0.0759743896782499,0.013563599879344341,0.05254079346726405,-0.01891891891891892,-0.02766833756511269,-0.010468748878440952,True
current_fixed,split121,P10,metaclip2_retrieval_results_combined,metaclip2_retrieval_results_image_only,0.049189189189189186,0.03432432432432433,0.021923985213365395,0.07758829929695343,0.013623052659637485,0.05635231723818678,-0.014864864864864862,-0.026081963390995864,-0.003983777219887578,True
current_fixed,split121,P10,metaclip2_retrieval_results_combined,metaclip2_retrieval_results_text_only,0.06675675675675677,0.04824324324324325,0.05020408163265306,0.08381984692912682,0.03426991321544776,0.06267475570881681,-0.018513513513513512,-0.02523626452963685,-0.011960979349695429,True
current_fixed,split121,P10,metaclip2_retrieval_results_combined,metaclip2_slerp_retrieval_results_licensed,-0.007432432432432433,-0.00472972972972973,-0.011370252926696354,-0.003733103448275869,-0.007827462081498565,-0.0017757750641240145,0.0027027027027027037,0.0006877579092159566,0.0048064406388004565,True
current_fixed,split121,P10,metaclip2_retrieval_results_image_only,metaclip2_retrieval_results_text_only,0.01756756756756757,0.01391891891891892,-0.013288812785388132,0.04744363945212323,-0.008717542300442112,0.0363530690962774,-0.0036486486486486487,-0.01678659790037179,0.010040202651610623,True
current_fixed,split121,P10,metaclip2_retrieval_results_image_only,metaclip2_slerp_retrieval_results_licensed,-0.056621621621621626,-0.03905405405405406,-0.08418972261735419,-0.030654185892506215,-0.060463740942028985,-0.018987034959150047,0.017567567567567565,0.006891552266552264,0.02886456908344733,True
current_fixed,split121,P10,metaclip2_retrieval_results_text_only,metaclip2_slerp_retrieval_results_licensed,-0.0741891891891892,-0.05297297297297298,-0.0932773939615372,-0.05599357861526037,-0.06822370208599274,-0.0380823755216197,0.021216216216216215,0.013692727669796899,0.029200263157894726,True
current_fixed,split121,AP_range,bge_vl_mllm_s1_retrieval_results_licensed,bge_vl_mllm_s1_retrieval_results_licensed_reranked,-0.0625813458226878,-0.03578090740428403,-0.09747207771401127,-0.026571517758298805,-0.06743607055179411,-0.00471263895379664,0.02680043841840378,-0.005347625261790879,0.05946508374911561,True
current_fixed,split121,AP_range,bge_vl_mllm_s1_retrieval_results_licensed,bge_vl_mllm_s2_retrieval_results_licensed,0.0210101101199586,0.03391209560040728,-0.0026340781659038937,0.0440084745429088,0.00896770066559873,0.05894970569550402,0.012901985480448684,-0.010025247400547523,0.03718907272067513,True
current_fixed,split121,AP_range,bge_vl_mllm_s1_retrieval_results_licensed,metaclip2_retrieval_results_combined,0.03925629855554098,0.07802137276704377,0.0032386153574738147,0.07603321838860198,0.04115373559995746,0.11538474301938657,0.03876507421150279,0.00963616566396243,0.06906132692622975,True
current_fixed,split121,AP_range,bge_vl_mllm_s1_retrieval_results_licensed,metaclip2_retrieval_results_image_only,0.20133544135438075,0.19425231494495562,0.16809209103980172,0.23713521224014797,0.15631652174184638,0.2334108859395458,-0.0070831264094251166,-0.03522863557121132,0.023466420664349494,True
current_fixed,split121,AP_range,bge_vl_mllm_s1_retrieval_results_licensed,metaclip2_retrieval_results_text_only,0.04106230309693513,0.09883102958048845,-0.008748569635498546,0.08824288011159225,0.05672568005601037,0.1410936601523751,0.05776872648355332,0.025674767023473336,0.09353243348510674,True
current_fixed,split121,AP_range,bge_vl_mllm_s1_retrieval_results_licensed,metaclip2_slerp_retrieval_results_licensed,0.061105613962756836,0.08738156144000299,0.026812663340532252,0.09624582018403892,0.052288525767597765,0.12364385651747466,0.026275947477246174,-0.002045517797147944,0.05516131992741762,True
current_fixed,split121,AP_range,bge_vl_mllm_s1_retrieval_results_licensed_reranked,bge_vl_mllm_s2_retrieval_results_licensed,0.0835914559426464,0.0696930030046913,0.05054919626087165,0.1167636055078082,0.03851826054211131,0.1022078375984446,-0.013898452937955094,-0.048532626374418575,0.020853480206361664,True
current_fixed,split121,AP_range,bge_vl_mllm_s1_retrieval_results_licensed_reranked,metaclip2_retrieval_results_combined,0.10183764437822879,0.11380228017132782,0.06326771617848935,0.1399982708760954,0.07798953321311025,0.1495869028116616,0.011964635793099004,-0.023199590152970358,0.04810254683884132,True
current_fixed,split121,AP_range,bge_vl_mllm_s1_retrieval_results_licensed_reranked,metaclip2_retrieval_results_image_only,0.26391678717706857,0.23003322234923967,0.22660312917015996,0.3021504746488542,0.18819542002409903,0.27488760435294257,-0.0338835648278289,-0.07173725666066635,0.004766759827974659,True
current_fixed,split121,AP_range,bge_vl_mllm_s1_retrieval_results_licensed_reranked,metaclip2_retrieval_results_text_only,0.10364364891962294,0.13461193698477247,0.05531421652026939,0.15014791953070217,0.09633120003953961,0.17316515390106654,0.03096828806514955,-0.007346885080196952,0.0722505758231477,True
current_fixed,split121,AP_range,bge_vl_mllm_s1_retrieval_results_licensed_reranked,metaclip2_slerp_retrieval_results_licensed,0.12368695978544463,0.12316246884428703,0.08714394428546463,0.15949177410083304,0.08729577121853341,0.16005658068783069,-0.0005244909411576065,-0.03504390727355757,0.03434417803274706,True
current_fixed,split121,AP_range,bge_vl_mllm_s2_retrieval_results_licensed,metaclip2_retrieval_results_combined,0.018246188435582376,0.04410927716663647,-0.01702269318548197,0.0524542621966443,0.00849070066141125,0.07992706620056514,0.025863088731054095,-0.004010978232864353,0.05752639122213921,True
current_fixed,split121,AP_range,bge_vl_mllm_s2_retrieval_results_licensed,metaclip2_retrieval_results_image_only,0.18032533123442215,0.1603402193445484,0.15248606637903095,0.21018122731019614,0.1269457157463024,0.194597858682787,-0.019985111889873796,-0.04556999017778408,0.006620942339286488,True
current_fixed,split121,AP_range,bge_vl_mllm_s2_retrieval_results_licensed,metaclip2_retrieval_results_text_only,0.020052192976976527,0.06491893398008115,-0.027200536335807386,0.06352837215528653,0.023824200800935398,0.1058993249744342,0.04486674100310462,0.01854183774212901,0.07778822738536688,True
current_fixed,split121,AP_range,bge_vl_mllm_s2_retrieval_results_licensed,metaclip2_slerp_retrieval_results_licensed,0.040095503842798225,0.0534694658395957,0.0076915518828639205,0.07283725422786498,0.01935920806538422,0.08856953467506508,0.013373961996797485,-0.014783102777395219,0.042838574689900426,True
current_fixed,split121,AP_range,metaclip2_retrieval_results_combined,metaclip2_retrieval_results_image_only,0.16207914279883978,0.11623094217791187,0.13417537228718726,0.19153865232482636,0.08809452276348234,0.1460865187041559,-0.0458482006209279,-0.07039737751926604,-0.021307565361314614,True
current_fixed,split121,AP_range,metaclip2_retrieval_results_combined,metaclip2_retrieval_results_text_only,0.0018060045413941502,0.02080965681344469,-0.030963183428450492,0.034224721365415,-0.008264295889295897,0.048815588436406716,0.01900365227205054,-0.00217379077956193,0.04187268463898139,True
current_fixed,split121,AP_range,metaclip2_retrieval_results_combined,metaclip2_slerp_retrieval_results_licensed,0.02184931540721584,0.009360188672959232,0.013145678983431332,0.030808445323317307,0.0007129842041853681,0.01779261334703972,-0.01248912673425661,-0.022687743469654395,-0.0035630384575352425,True
current_fixed,split121,AP_range,metaclip2_retrieval_results_image_only,metaclip2_retrieval_results_text_only,-0.16027313825744563,-0.09542128536446719,-0.20425290174912553,-0.12167794590784967,-0.13650966742562237,-0.058989763006834325,0.06485185289297843,0.04045181211518855,0.09299089406412789,True
current_fixed,split121,AP_range,metaclip2_retrieval_results_image_only,metaclip2_slerp_retrieval_results_licensed,-0.14022982739162396,-0.10687075350495263,-0.16571794140882118,-0.11702662608453675,-0.13406983989541582,-0.08215131354066213,0.03335907388667129,0.012393244481663505,0.05431041430495293,True
current_fixed,split121,AP_range,metaclip2_retrieval_results_text_only,metaclip2_slerp_retrieval_results_licensed,0.020043310865821694,-0.011449468140485456,-0.011880750677233685,0.05416850934586796,-0.04102968640218809,0.018581550949495585,-0.03149277900630715,-0.05389810944756878,-0.011261467728342711,False
current_fixed,split121,P_range,bge_vl_mllm_s1_retrieval_results_licensed,bge_vl_mllm_s1_retrieval_results_licensed_reranked,-0.03388429752066115,-0.009090909090909092,-0.057499999999999996,-0.011904761904761908,-0.02800247933884298,0.01056910569105691,0.024793388429752063,0.0032513768686073916,0.0467741935483871,True
current_fixed,split121,P_range,bge_vl_mllm_s1_retrieval_results_licensed,bge_vl_mllm_s2_retrieval_results_licensed,0.023140495867768597,0.02231404958677686,0.0024590163934426223,0.044262295081967204,0.0025000000000000022,0.042151951891419695,-0.0008264462809917344,-0.02353060736489718,0.020664628099173507,True
current_fixed,split121,P_range,bge_vl_mllm_s1_retrieval_results_licensed,metaclip2_retrieval_results_combined,0.007438016528925618,0.04628099173553719,-0.02083771008403362,0.037192870261052044,0.017948717948717954,0.07395500700280104,0.03884297520661157,0.01653527038459035,0.06115827158734681,True
current_fixed,split121,P_range,bge_vl_mllm_s1_retrieval_results_licensed,metaclip2_retrieval_results_image_only,0.1644628099173554,0.1603305785123967,0.13679880341880343,0.19344262295081968,0.1274962606837607,0.19586861536377184,-0.004132231404958677,-0.027499999999999993,0.020837710084033553,True
current_fixed,split121,P_range,bge_vl_mllm_s1_retrieval_results_licensed,metaclip2_retrieval_results_text_only,0.014876033057851235,0.07851239669421488,-0.023141983471074375,0.0515886026541764,0.04666525423728814,0.11048600183582478,0.06363636363636364,0.0375,0.09166666666666665,True
current_fixed,split121,P_range,bge_vl_mllm_s1_retrieval_results_licensed,metaclip2_slerp_retrieval_results_licensed,0.019008264462809912,0.04628099173553719,-0.0075015756302521065,0.047967479674796754,0.01896382025522672,0.07479674796747966,0.02727272727272727,0.005832128099173552,0.048739495798319335,True
current_fixed,split121,P_range,bge_vl_mllm_s1_retrieval_results_licensed_reranked,bge_vl_mllm_s2_retrieval_results_licensed,0.05702479338842975,0.03140495867768596,0.03333333333333334,0.08114754098360656,0.010653571904571502,0.05173024708118373,-0.0256198347107438,-0.0542413559322034,0.0008131747301079624,True
current_fixed,split121,P_range,bge_vl_mllm_s1_retrieval_results_licensed_reranked,metaclip2_retrieval_results_combined,0.04132231404958678,0.05537190082644629,0.009166666666666665,0.07288309252570158,0.027268875192604007,0.08292682926829267,0.014049586776859505,-0.012607376283846868,0.04083333333333334,True
current_fixed,split121,P_range,bge_vl_mllm_s1_retrieval_results_licensed_reranked,metaclip2_retrieval_results_image_only,0.19834710743801656,0.16942148760330583,0.16864284213475278,0.22892561983471077,0.13500000000000004,0.2049586776859504,-0.02892561983471074,-0.05934959349593496,0.001667016806722696,True
current_fixed,split121,P_range,bge_vl_mllm_s1_retrieval_results_licensed_reranked,metaclip2_retrieval_results_text_only,0.04876033057851241,0.08760330578512396,0.008869193548387092,0.08667213114754092,0.05737704918032787,0.11900826446280992,0.03884297520661156,0.01016949152542373,0.06960369747899153,True
current_fixed,split121,P_range,bge_vl_mllm_s1_retrieval_results_licensed_reranked,metaclip2_slerp_retrieval_results_licensed,0.05289256198347108,0.05537190082644629,0.021662190082644625,0.08536845945382528,0.02704918032786886,0.08333333333333333,0.00247933884297521,-0.024413966696785847,0.029508196721311483,True
current_fixed,split121,P_range,bge_vl_mllm_s2_retrieval_results_licensed,metaclip2_retrieval_results_combined,-0.015702479338842976,0.023966942148760325,-0.04500204918032788,0.0136,-0.006722689075630261,0.0546218487394958,0.0396694214876033,0.013559322033898306,0.06694232385488162,False
current_fixed,split121,P_range,bge_vl_mllm_s2_retrieval_results_licensed,metaclip2_retrieval_results_image_only,0.1413223140495868,0.13801652892561986,0.116,0.16829268292682928,0.1075,0.1707342479674796,-0.0033057851239669395,-0.02719999999999999,0.02231404958677686,True
current_fixed,split121,P_range,bge_vl_mllm_s2_retrieval_results_licensed,metaclip2_retrieval_results_text_only,-0.008264462809917357,0.05619834710743802,-0.04583333333333333,0.02820564516129031,0.023198512396694213,0.09067796610169492,0.06446280991735538,0.03749745934959349,0.09354967741935483,False
current_fixed,split121,P_range,bge_vl_mllm_s2_retrieval_results_licensed,metaclip2_slerp_retrieval_results_licensed,-0.004132231404958677,0.02396694214876033,-0.03333333333333334,0.02644628099173553,-0.005894024276377217,0.05462727026294382,0.02809917355371901,6.585327950015359e-18,0.05537190082644628,False
current_fixed,split121,P_range,metaclip2_retrieval_results_combined,metaclip2_retrieval_results_image_only,0.15702479338842978,0.11404958677685952,0.13416666666666668,0.1809917355371901,0.08823529411764708,0.14202010556288627,-0.04297520661157024,-0.06694232385488162,-0.019354161019246415,True
current_fixed,split121,P_range,metaclip2_retrieval_results_combined,metaclip2_retrieval_results_text_only,0.007438016528925621,0.032231404958677684,-0.021138211382113817,0.033884297520661154,0.011206724137931034,0.05403391062929665,0.02479338842975207,0.004098360655737707,0.04800078740157479,True
current_fixed,split121,P_range,metaclip2_retrieval_results_combined,metaclip2_slerp_retrieval_results_licensed,0.011570247933884297,9.175396897728567e-19,0.0024390243902439033,0.021311475409836068,-0.007258064516129031,0.007317073170731709,-0.011570247933884297,-0.02148760330578512,-0.0024590163934426223,True
current_fixed,split121,P_range,metaclip2_retrieval_results_image_only,metaclip2_retrieval_results_text_only,-0.14958677685950414,-0.0818181818181818,-0.18264462809917356,-0.12031707317073181,-0.11453252032520328,-0.050833333333333335,0.06776859504132231,0.04379904854503784,0.09338842975206611,True
current_fixed,split121,P_range,metaclip2_retrieval_results_image_only,metaclip2_slerp_retrieval_results_licensed,-0.1454545454545455,-0.11404958677685952,-0.16833870967741937,-0.12333333333333335,-0.14083612204724416,-0.08925396005509645,0.03140495867768595,0.009241771708683472,0.05345206896551719,True
current_fixed,split121,P_range,metaclip2_retrieval_results_text_only,metaclip2_slerp_retrieval_results_licensed,0.004132231404958675,-0.03223140495867769,-0.0225,0.033064738292010926,-0.05484069275515601,-0.00939971751412433,-0.03636363636363636,-0.059016393442622946,-0.015966386554621848,False
current_fixed,other223,AP10,bge_vl_mllm_s1_retrieval_results_licensed,bge_vl_mllm_s1_retrieval_results_licensed_reranked,-0.04763146376926733,-0.02430894309227378,-0.07157154412734108,-0.023420910529952498,-0.04480982543081499,-0.0035725239165718837,0.02332252067699355,0.008673359941778962,0.0385165330000434,True
current_fixed,other223,AP10,bge_vl_mllm_s1_retrieval_results_licensed,bge_vl_mllm_s2_retrieval_results_licensed,0.02591053916837728,0.02640489002575288,0.006030401670607485,0.04565116906901014,0.010647596486394316,0.04332636352712673,0.0004943508573756034,-0.01061283568142338,0.01257320319309905,True
current_fixed,other223,AP10,bge_vl_mllm_s1_retrieval_results_licensed,metaclip2_retrieval_results_combined,0.1360446101158889,0.11695202656822795,0.1084632910105461,0.16421508748330077,0.09286347304655776,0.14297796720988082,-0.019092583547660913,-0.03660518488494585,-0.002776717985129807,True
current_fixed,other223,AP10,bge_vl_mllm_s1_retrieval_results_licensed,metaclip2_retrieval_results_image_only,0.22644918851110912,0.176718372554768,0.19486812086972088,0.2593162076337371,0.14807860456282115,0.20693733186956972,-0.04973081595634114,-0.0712388882370647,-0.02997042737520965,True
current_fixed,other223,AP10,bge_vl_mllm_s1_retrieval_results_licensed,metaclip2_retrieval_results_text_only,0.17934746109700286,0.15238840057913672,0.14917343453890242,0.21085401130608222,0.1260938796011629,0.18126144268415326,-0.026959060517866163,-0.0462123356272894,-0.0085945218230944,True
current_fixed,other223,AP10,bge_vl_mllm_s1_retrieval_results_licensed,metaclip2_slerp_retrieval_results_licensed,0.13753235323106405,0.11704807744848629,0.11008201958960975,0.1657415918292838,0.09307950974563281,0.1428818591793562,-0.020484275782577742,-0.03759240048222918,-0.004484087156570331,True
current_fixed,other223,AP10,bge_vl_mllm_s1_retrieval_results_licensed_reranked,bge_vl_mllm_s2_retrieval_results_licensed,0.07354200293764462,0.05071383311802666,0.04898059905409868,0.09910454581575977,0.029144492687863784,0.072967668760754,-0.02282816981961795,-0.03707166435037951,-0.009849990160199648,True
current_fixed,other223,AP10,bge_vl_mllm_s1_retrieval_results_licensed_reranked,metaclip2_retrieval_results_combined,0.1836760738851562,0.14126096966050175,0.15758640251048542,0.21146890432147897,0.11691917746959267,0.16709986375856517,-0.04241510422465447,-0.06091135225138061,-0.026281708001960946,True
current_fixed,other223,AP10,bge_vl_mllm_s1_retrieval_results_licensed_reranked,metaclip2_retrieval_results_image_only,0.2740806522803765,0.20102731564704177,0.24254223824600274,0.30696705087056253,0.17241614808183542,0.2312401613712614,-0.0730533366333347,-0.09802557521637593,-0.05073316060973271,True
current_fixed,other223,AP10,bge_vl_mllm_s1_retrieval_results_licensed_reranked,metaclip2_retrieval_results_text_only,0.22697892486627022,0.1766973436714105,0.19636587750138482,0.25839548360450076,0.14925739353177148,0.20634229572299018,-0.050281581194859724,-0.07254250865186684,-0.030263290524685012,True
current_fixed,other223,AP10,bge_vl_mllm_s1_retrieval_results_licensed_reranked,metaclip2_slerp_retrieval_results_licensed,0.1851638170003314,0.1413570205407601,0.15910413074685859,0.2126456192653454,0.11737037932616964,0.16752445699550697,-0.04380679645957129,-0.06215005757638384,-0.02772944642166452,True
current_fixed,other223,AP10,bge_vl_mllm_s2_retrieval_results_licensed,metaclip2_retrieval_results_combined,0.1101340709475116,0.0905471365424751,0.0829634265020875,0.13712401028666285,0.06728460565032927,0.1150082360338812,-0.019586934405036515,-0.03652108962893168,-0.005111601045777637,True
current_fixed,other223,AP10,bge_vl_mllm_s2_retrieval_results_licensed,metaclip2_retrieval_results_image_only,0.20053864934273183,0.1503134825290151,0.1714788036212508,0.23073370954264327,0.12373758518546232,0.1785218858353255,-0.050225166813716755,-0.07092177369208201,-0.032295661026969166,True
current_fixed,other223,AP10,bge_vl_mllm_s2_retrieval_results_licensed,metaclip2_retrieval_results_text_only,0.1534369219286256,0.1259835105533838,0.1251074868415961,0.18213236474597508,0.10219259312463717,0.15109902348854243,-0.02745341137524177,-0.046346189660650475,-0.010658663123335795,True
current_fixed,other223,AP10,bge_vl_mllm_s2_retrieval_results_licensed,metaclip2_slerp_retrieval_results_licensed,0.1116218140626868,0.09064318742273343,0.08421687766727204,0.13858225825206846,0.06768643443645454,0.11466074615042166,-0.020978626639953347,-0.037775657428371044,-0.00667732094783593,True
current_fixed,other223,AP10,metaclip2_retrieval_results_combined,metaclip2_retrieval_results_image_only,0.09040457839522024,0.05976634598654003,0.07170344001770962,0.11087495506068586,0.04388311601175868,0.07687781125622505,-0.030638232408680226,-0.044897714153385095,-0.01797814867697031,True
current_fixed,other223,AP10,metaclip2_retrieval_results_combined,metaclip2_retrieval_results_text_only,0.043302850981114,0.035436374010908746,0.024859739008409983,0.061909122510281855,0.021654374418752603,0.04995819164548199,-0.00786647697020525,-0.019590851616703413,0.003279250405978745,True
current_fixed,other223,AP10,metaclip2_retrieval_results_combined,metaclip2_slerp_retrieval_results_licensed,0.0014877431151751747,9.605088025834533e-05,-0.001736969583051821,0.00478547285020054,-0.002690991917838157,0.0028597709197028644,-0.0013916922349168292,-0.003119704585344523,0.00011092732478073605,True
current_fixed,other223,AP10,metaclip2_retrieval_results_image_only,metaclip2_retrieval_results_text_only,-0.04710172741410626,-0.02432997197563127,-0.07145073186255213,-0.022931657309185456,-0.043685191579058126,-0.0053315637246181624,0.022771755438474973,0.009887419143702085,0.037382999709813944,True
current_fixed,other223,AP10,metaclip2_retrieval_results_image_only,metaclip2_slerp_retrieval_results_licensed,-0.08891683528004507,-0.05967029510628166,-0.1078637414676808,-0.0712470467951723,-0.0758239575471614,-0.0446813104120256,0.029246540173763394,0.017251410421501547,0.04295220157917412,True
current_fixed,other223,AP10,metaclip2_retrieval_results_text_only,metaclip2_slerp_retrieval_results_licensed,-0.04181510786593882,-0.03534032313065039,-0.060418357123562805,-0.022865830815612415,-0.050557714216989104,-0.02109481230020691,0.006474784735288419,-0.004945190213624384,0.01801011513885658,True
current_fixed,other223,P10,bge_vl_mllm_s1_retrieval_results_licensed,bge_vl_mllm_s1_retrieval_results_licensed_reranked,-0.043523316062176166,-0.032716506291635826,-0.056796101847043624,-0.030555398796087287,-0.04472727272727273,-0.020631122150205627,0.010806809770540342,0.004751211065803994,0.01770461988190775,True
current_fixed,other223,P10,bge_vl_mllm_s1_retrieval_results_licensed,bge_vl_mllm_s2_retrieval_results_licensed,0.0061435973353071854,0.004811250925240569,-0.006793897181569179,0.019594851310276846,-0.007215044405766048,0.01716434845439971,-0.0013323464100666199,-0.005343752660404667,0.003023654606015083,True
current_fixed,other223,P10,bge_vl_mllm_s1_retrieval_results_licensed,metaclip2_retrieval_results_combined,0.07290895632864544,0.06646928201332346,0.054160240708778944,0.09130458584576324,0.048373895401165316,0.08389304637432506,-0.006439674315321986,-0.013333577712609969,0.0005935492579389559,True
current_fixed,other223,P10,bge_vl_mllm_s1_retrieval_results_licensed,metaclip2_retrieval_results_image_only,0.16395262768319763,0.14189489267209474,0.1388764718390562,0.18922719245059832,0.11861200792769629,0.16569880077310564,-0.02205773501110289,-0.03311374120300416,-0.01163463022830505,True
current_fixed,other223,P10,bge_vl_mllm_s1_retrieval_results_licensed,metaclip2_retrieval_results_text_only,0.13826794966691341,0.12190969652109547,0.11833837025447669,0.1581489898989899,0.10262315171410576,0.1414085790438114,-0.016358253145817913,-0.024659683206808097,-0.008550599700149928,True
current_fixed,other223,P10,bge_vl_mllm_s1_retrieval_results_licensed,metaclip2_slerp_retrieval_results_licensed,0.06572908956328645,0.06025166543301259,0.047054489118972705,0.08435640279591194,0.042510461744078167,0.07770556061482808,-0.005477424130273871,-0.01233917989744759,0.0015797653188996954,True
current_fixed,other223,P10,bge_vl_mllm_s1_retrieval_results_licensed_reranked,bge_vl_mllm_s2_retrieval_results_licensed,0.04966691339748335,0.03752775721687639,0.03388167284789315,0.06599332579279601,0.023537584491531868,0.052498234974656055,-0.01213915618060696,-0.0201979976215999,-0.005259117515484462,True
current_fixed,other223,P10,bge_vl_mllm_s1_retrieval_results_licensed_reranked,metaclip2_retrieval_results_combined,0.1164322723908216,0.09918578830495929,0.0981319926028664,0.13536869172380836,0.08090354573181624,0.11763386429362316,-0.017246484085862324,-0.02507572494776153,-0.010259934503015726,True
current_fixed,other223,P10,bge_vl_mllm_s1_retrieval_results_licensed_reranked,metaclip2_retrieval_results_image_only,0.20747594374537381,0.1746113989637306,0.18099059303114226,0.23482482202354826,0.1495487110341913,0.20068031069994763,-0.03286454478164323,-0.047299366709883314,-0.019879051266434748,True
current_fixed,other223,P10,bge_vl_mllm_s1_retrieval_results_licensed_reranked,metaclip2_retrieval_results_text_only,0.18179126572908957,0.1546262028127313,0.1593593039741203,0.20459854014598536,0.13276637168332978,0.17736332104920877,-0.027165062916358257,-0.037859815924748845,-0.017333238636363636,True
current_fixed,other223,P10,bge_vl_mllm_s1_retrieval_results_licensed_reranked,metaclip2_slerp_retrieval_results_licensed,0.10925240562546261,0.0929681717246484,0.09115690036337763,0.1274395125120611,0.0751668023140714,0.11101189324602523,-0.01628423390081421,-0.023816825570499363,-0.009541879721987313,True
current_fixed,other223,P10,bge_vl_mllm_s2_retrieval_results_licensed,metaclip2_retrieval_results_combined,0.06676535899333826,0.06165803108808289,0.047552868859685925,0.08508221850162738,0.04370303802237584,0.07921172611434796,-0.005107327905255364,-0.012900984066401487,0.0028446321642429406,True
current_fixed,other223,P10,bge_vl_mllm_s2_retrieval_results_licensed,metaclip2_retrieval_results_image_only,0.15780903034789046,0.13708364174685417,0.13393362856332924,0.18190533562822717,0.11397022853728665,0.16028771987264884,-0.02072538860103627,-0.03166214065207852,-0.010733435230653674,True
current_fixed,other223,P10,bge_vl_mllm_s2_retrieval_results_licensed,metaclip2_retrieval_results_text_only,0.13212435233160622,0.11709844559585492,0.11145271524006348,0.1528223430609751,0.09662415603900974,0.1366912917427252,-0.015025906735751294,-0.0239817248181701,-0.006477926502771133,True
current_fixed,other223,P10,bge_vl_mllm_s2_retrieval_results_licensed,metaclip2_slerp_retrieval_results_licensed,0.059585492227979264,0.05544041450777201,0.04022724471100128,0.07787377059210422,0.03792665507896701,0.0727613442669522,-0.004145077720207251,-0.011975204567993922,0.003994560355993371,True
current_fixed,other223,P10,metaclip2_retrieval_results_combined,metaclip2_retrieval_results_image_only,0.09104367135455219,0.07542561065877129,0.07183901579626335,0.1104025144330018,0.05865646392099652,0.09309135171944159,-0.015618060695780905,-0.025690418402197386,-0.006097425071576126,True
current_fixed,other223,P10,metaclip2_retrieval_results_combined,metaclip2_retrieval_results_text_only,0.06535899333826796,0.05544041450777201,0.05155444349528728,0.07972832483219118,0.04274397626972847,0.0690724670518485,-0.00991857883049593,-0.015941610836648096,-0.004419364039983134,True
current_fixed,other223,P10,metaclip2_retrieval_results_combined,metaclip2_slerp_retrieval_results_licensed,-0.007179866765358994,-0.006217616580310882,-0.010260486812276755,-0.00398472672506956,-0.009199082033813692,-0.0032039164631416715,0.0009622501850481127,-0.00022439135075172449,0.0021627675856340975,True
current_fixed,other223,P10,metaclip2_retrieval_results_image_only,metaclip2_retrieval_results_text_only,-0.025684678016284237,-0.019985196150999262,-0.04857804649945939,-0.0029193680855461447,-0.040545235172619966,7.367222880830306e-05,0.005699481865284973,-0.004127596028164316,0.01524027512642754,True
current_fixed,other223,P10,metaclip2_retrieval_results_image_only,metaclip2_slerp_retrieval_results_licensed,-0.09822353811991116,-0.08164322723908216,-0.11735982200184047,-0.07952927122448043,-0.0991862304908907,-0.06523595010134806,0.016580310880829018,0.007071314589665655,0.02689820588402017,True
current_fixed,other223,P10,metaclip2_retrieval_results_text_only,metaclip2_slerp_retrieval_results_licensed,-0.07253886010362694,-0.0616580310880829,-0.08821327049356913,-0.05746152158239554,-0.07651826519235348,-0.04753705264002568,0.010880829015544043,0.004765361840938906,0.017562845103167683,True
current_fixed,other223,AP_range,bge_vl_mllm_s1_retrieval_results_licensed,bge_vl_mllm_s1_retrieval_results_licensed_reranked,-0.05841549686640976,-0.04481697632549116,-0.09161839678457036,-0.026495466015741338,-0.07218490967760562,-0.01882180986124775,0.013598520540918573,-0.004191521952395675,0.03246745899214386,True
current_fixed,other223,AP_range,bge_vl_mllm_s1_retrieval_results_licensed,bge_vl_mllm_s2_retrieval_results_licensed,0.02504556755437601,0.022568421946091176,0.001239212589908099,0.049445730179772655,0.0024222106607133535,0.043293732712852216,-0.002477145608284835,-0.015137453418138819,0.009376353747260214,True
current_fixed,other223,AP_range,bge_vl_mllm_s1_retrieval_results_licensed,metaclip2_retrieval_results_combined,0.056551612299129916,0.05574353072070882,0.027060098367436124,0.08688037488332327,0.029533703913973985,0.08276656557122,-0.0008080815784211036,-0.01735187767848045,0.01711054197810812,True
current_fixed,other223,AP_range,bge_vl_mllm_s1_retrieval_results_licensed,metaclip2_retrieval_results_image_only,0.2474085358275514,0.20189780001852922,0.22013640819251074,0.27664353003878595,0.1754973367740364,0.2291822284537358,-0.045510735809022165,-0.06530268208200711,-0.02735112652606945,True
current_fixed,other223,AP_range,bge_vl_mllm_s1_retrieval_results_licensed,metaclip2_retrieval_results_text_only,0.026262032009282704,0.03608591584782061,-0.0097595505615967,0.06199935597668659,0.005779952436972818,0.06783643468885413,0.00982388383853791,-0.009020337996309634,0.029502094774233933,True
current_fixed,other223,AP_range,bge_vl_mllm_s1_retrieval_results_licensed,metaclip2_slerp_retrieval_results_licensed,0.08032858987308593,0.07331569664902998,0.05017507771400891,0.11023696279604642,0.047099186129595315,0.10035258780635936,-0.00701289322405594,-0.0243648558643754,0.01125723830638527,True
current_fixed,other223,AP_range,bge_vl_mllm_s1_retrieval_results_licensed_reranked,bge_vl_mllm_s2_retrieval_results_licensed,0.08346106442078575,0.06738539827158234,0.052558925795770615,0.11519556523821951,0.04145686398542302,0.09348028871566265,-0.016075666149203405,-0.03375497504753247,0.00038543582982631183,True
current_fixed,other223,AP_range,bge_vl_mllm_s1_retrieval_results_licensed_reranked,metaclip2_retrieval_results_combined,0.11496710916553965,0.10056050704619998,0.08049404649247086,0.14982536280863376,0.07273127502792683,0.12972065891048318,-0.014406602119339676,-0.034760377862939035,0.005254946433351759,True
current_fixed,other223,AP_range,bge_vl_mllm_s1_retrieval_results_licensed_reranked,metaclip2_retrieval_results_image_only,0.3058240326939612,0.24671477634402045,0.2762446449554584,0.3366660367464331,0.2189297662390595,0.275549862203599,-0.05910925634994073,-0.08225711359247738,-0.03823695167840361,True
current_fixed,other223,AP_range,bge_vl_mllm_s1_retrieval_results_licensed_reranked,metaclip2_retrieval_results_text_only,0.08467752887569245,0.08090289217331179,0.044129398396555435,0.1256004817530115,0.04834678221900533,0.11455763938678468,-0.0037746367023806684,-0.02780987383713078,0.01952486699743811,True
current_fixed,other223,AP_range,bge_vl_mllm_s1_retrieval_results_licensed_reranked,metaclip2_slerp_retrieval_results_licensed,0.13874408673949565,0.11813267297452117,0.10578115606311468,0.1725926192883208,0.09110868360381853,0.1466681841146251,-0.020611413764974513,-0.041165670992092125,-0.0005734796949082724,True
current_fixed,other223,AP_range,bge_vl_mllm_s2_retrieval_results_licensed,metaclip2_retrieval_results_combined,0.0315060447447539,0.033175108774617636,0.0010829382919463292,0.06274381363173367,0.006829554653044167,0.059760525613065364,0.0016690640298637326,-0.012754194778936703,0.016918818710143984,True
current_fixed,other223,AP_range,bge_vl_mllm_s2_retrieval_results_licensed,metaclip2_retrieval_results_image_only,0.2223629682731754,0.17932937807243807,0.19663651484067152,0.24838664241152408,0.15467343382237267,0.20473197554628664,-0.043033590200737326,-0.05891933714746549,-0.028661717481893136,True
current_fixed,other223,AP_range,bge_vl_mllm_s2_retrieval_results_licensed,metaclip2_retrieval_results_text_only,0.0012164644549066913,0.013517493901729434,-0.03403127036224785,0.03657483488611018,-0.014783283159281036,0.04287450796453553,0.012301029446822742,-0.005644158109598262,0.03082008772797042,True
current_fixed,other223,AP_range,bge_vl_mllm_s2_retrieval_results_licensed,metaclip2_slerp_retrieval_results_licensed,0.05528302231870991,0.05074727470293881,0.025406879852816967,0.08464637586910156,0.02522484728432295,0.07614133185169802,-0.004535747615771105,-0.019032390061156496,0.010152599602394044,True
current_fixed,other223,AP_range,metaclip2_retrieval_results_combined,metaclip2_retrieval_results_image_only,0.19085692352842148,0.14615426929782044,0.1673090341617127,0.2154004627231858,0.12491298445089767,0.16786176773608538,-0.044702654230601054,-0.06205148063293223,-0.029370247355762758,True
current_fixed,other223,AP_range,metaclip2_retrieval_results_combined,metaclip2_retrieval_results_text_only,-0.03028958028984721,-0.019657614872888196,-0.054932209835423074,-0.0067186168480154835,-0.039749765575436156,-0.0002200778275678119,0.010631965416959011,-0.0012614926098852243,0.024121517587492224,True
current_fixed,other223,AP_range,metaclip2_retrieval_results_combined,metaclip2_slerp_retrieval_results_licensed,0.02377697757395601,0.01757216592832117,0.01551110079599542,0.03251921706329674,0.011850540959452642,0.023188339242782813,-0.006204811645634837,-0.01274460641363716,-0.0005723433067016873,True
current_fixed,other223,AP_range,metaclip2_retrieval_results_image_only,metaclip2_retrieval_results_text_only,-0.22114650381826872,-0.16581188417070863,-0.2548167548847145,-0.18774263806625566,-0.1946472636068869,-0.13809995829584892,0.05533461964756008,0.03604912397721377,0.0774672764474046,True
current_fixed,other223,AP_range,metaclip2_retrieval_results_image_only,metaclip2_slerp_retrieval_results_licensed,-0.1670799459544655,-0.12858210336949927,-0.18960821027649014,-0.14559885683922158,-0.14870565833146585,-0.10898701029957335,0.03849784258496622,0.024869553412686006,0.05448602767813877,True
current_fixed,other223,AP_range,metaclip2_retrieval_results_text_only,metaclip2_slerp_retrieval_results_licensed,0.05406655786380322,0.03722978080120936,0.02874506108809858,0.08085718501945352,0.01654078375177231,0.05881909392691882,-0.016836777062593847,-0.03208243236887431,-0.003171610359031515,True
current_fixed,other223,P_range,bge_vl_mllm_s1_retrieval_results_licensed,bge_vl_mllm_s1_retrieval_results_licensed_reranked,-0.025112107623318385,-0.026905829596412557,-0.04363636363636363,-0.006787330316742082,-0.0444965646408397,-0.009606538254471502,-0.0017937219730941713,-0.009589041095890413,0.005485637559591968,True
current_fixed,other223,P_range,bge_vl_mllm_s1_retrieval_results_licensed,bge_vl_mllm_s2_retrieval_results_licensed,0.015695067264573995,0.012556053811659192,-0.0017783783783783768,0.03303964757709251,-0.003167780748663107,0.028573001887979836,-0.003139013452914801,-0.009418100836262277,0.003139013452914796,True
current_fixed,other223,P_range,bge_vl_mllm_s1_retrieval_results_licensed,metaclip2_retrieval_results_combined,-0.011659192825112106,-0.01165919282511211,-0.033027626717588944,0.010180413905313655,-0.031390779396007776,0.009050802139037419,-1.9914314343052135e-18,-0.00796548672566372,0.009251101321585901,True
current_fixed,other223,P_range,bge_vl_mllm_s1_retrieval_results_licensed,metaclip2_retrieval_results_image_only,0.1721973094170404,0.14887892376681616,0.1513510497104247,0.1935633586140671,0.1284388172576246,0.17040561229529244,-0.023318385650224215,-0.03304325280022126,-0.014095370585052964,True
current_fixed,other223,P_range,bge_vl_mllm_s1_retrieval_results_licensed,metaclip2_retrieval_results_text_only,-0.026905829596412557,-0.024215246636771305,-0.05450753065841171,0.0008888888888888877,-0.04823363860876725,-0.0004276315789475329,0.0026905829596412527,-0.008109025314907668,0.014223809523809498,True
current_fixed,other223,P_range,bge_vl_mllm_s1_retrieval_results_licensed,metaclip2_slerp_retrieval_results_licensed,0.006278026905829594,0.006726457399103135,-0.014028743315508022,0.026905829596412557,-0.011875342465753426,0.025893262987012975,0.0004484304932735421,-0.007658523908523909,0.009459459459459458,True
current_fixed,other223,P_range,bge_vl_mllm_s1_retrieval_results_licensed_reranked,bge_vl_mllm_s2_retrieval_results_licensed,0.040807174887892386,0.039461883408071746,0.021266968325791853,0.06053811659192825,0.021002179327521794,0.0576585239085239,-0.0013452914798206298,-0.008676794017845924,0.00616877141458637,True
current_fixed,other223,P_range,bge_vl_mllm_s1_retrieval_results_licensed_reranked,metaclip2_retrieval_results_combined,0.013452914798206272,0.015246636771300448,-0.007965486725663712,0.03486238532110091,-0.004406265296133137,0.03482193358112475,0.00179372197309417,-0.008071748878923767,0.012443836405529932,True
current_fixed,other223,P_range,bge_vl_mllm_s1_retrieval_results_licensed_reranked,metaclip2_retrieval_results_image_only,0.19730941704035873,0.1757847533632287,0.17723214285714287,0.21777777777777776,0.15555555555555559,0.19687603248898683,-0.02152466367713005,-0.03125000000000001,-0.012719298245614035,True
current_fixed,other223,P_range,bge_vl_mllm_s1_retrieval_results_licensed_reranked,metaclip2_retrieval_results_text_only,-0.001793721973094166,0.002690582959641252,-0.028637943334692214,0.024889705882352904,-0.021102028856646325,0.026316376879699233,0.004484304932735424,-0.006578947368421052,0.016519657258064487,False
current_fixed,other223,P_range,bge_vl_mllm_s1_retrieval_results_licensed_reranked,metaclip2_slerp_retrieval_results_licensed,0.03139013452914798,0.033632286995515695,0.01076233183856502,0.05225598961406815,0.014729136089367255,0.05312499999999999,0.002242152466367714,-0.007456961511708788,0.0125,True
current_fixed,other223,P_range,bge_vl_mllm_s2_retrieval_results_licensed,metaclip2_retrieval_results_combined,-0.027354260089686097,-0.024215246636771298,-0.049773856209150334,-0.0053571428571428615,-0.04380606740210934,-0.004089987714987731,0.003139013452914798,-0.006222916666666667,0.013004484304932737,True
current_fixed,other223,P_range,bge_vl_mllm_s2_retrieval_results_licensed,metaclip2_retrieval_results_image_only,0.15650224215246636,0.13632286995515697,0.1380926388022458,0.1752252252252252,0.11801712897107632,0.155,-0.020179372197309416,-0.029223744292237442,-0.011946902654867255,True
current_fixed,other223,P_range,bge_vl_mllm_s2_retrieval_results_licensed,metaclip2_retrieval_results_text_only,-0.042600896860986545,-0.0367713004484305,-0.07092800047840214,-0.014479638009049774,-0.06096545315081426,-0.011411668517832962,0.005829596412556054,-0.004484304932735426,0.01703056768558952,True
current_fixed,other223,P_range,bge_vl_mllm_s2_retrieval_results_licensed,metaclip2_slerp_retrieval_results_licensed,-0.009417040358744397,-0.005829596412556056,-0.030275924381428974,0.010762331838565018,-0.024091314935064938,0.012728725612287233,0.003587443946188344,-0.004504504504504503,0.01227292663476874,True
current_fixed,other223,P_range,metaclip2_retrieval_results_combined,metaclip2_retrieval_results_image_only,0.18385650224215247,0.16053811659192824,0.16250000000000003,0.20572750575026316,0.1396471710753365,0.1815315315315315,-0.023318385650224212,-0.03482193358112476,-0.013181818181818182,True
current_fixed,other223,P_range,metaclip2_retrieval_results_combined,metaclip2_retrieval_results_text_only,-0.015246636771300445,-0.012556053811659192,-0.035685244311522445,0.004484304932735426,-0.030131004366812226,0.004524886877828055,0.0026905829596412544,-0.006696428571428571,0.01176470588235294,True
current_fixed,other223,P_range,metaclip2_retrieval_results_combined,metaclip2_slerp_retrieval_results_licensed,0.017937219730941704,0.018385650224215244,0.009216589861751152,0.026432360087710625,0.010267857142857143,0.026339285714285714,0.0004484304932735441,-0.0035874439461883395,0.004566210045662103,True
current_fixed,other223,P_range,metaclip2_retrieval_results_image_only,metaclip2_retrieval_results_text_only,-0.19910313901345292,-0.1730941704035875,-0.227194976076555,-0.17022125382263004,-0.19911159420289853,-0.14692914531904985,0.026008968609865468,0.014285714285714285,0.03936651583710407,True
current_fixed,other223,P_range,metaclip2_retrieval_results_image_only,metaclip2_slerp_retrieval_results_licensed,-0.16591928251121077,-0.142152466367713,-0.18558720155132713,-0.14601769911504428,-0.16123417470333767,-0.12276684253246754,0.02376681614349776,0.01408951355661882,0.03440640984005842,True
current_fixed,other223,P_range,metaclip2_retrieval_results_text_only,metaclip2_slerp_retrieval_results_licensed,0.03318385650224215,0.030941704035874446,0.012497133027522932,0.054508405644995,0.012162162162162163,0.0497759316192453,-0.002242152466367711,-0.012162162162162161,0.007762557077625572,True
common_fixed,all344,AP10,bge_vl_mllm_s1_retrieval_results_licensed,bge_vl_mllm_s1_retrieval_results_licensed_reranked,-0.05800676591382727,-0.04288245121805853,-0.0768619983999312,-0.04058464886281235,-0.05868248517682407,-0.026920834802617,0.015124314695768734,0.0036462495841236243,0.027250715874199964,True
common_fixed,all344,AP10,bge_vl_mllm_s1_retrieval_results_licensed,bge_vl_mllm_s2_retrieval_results_licensed,0.03027342019846968,0.0276519460337789,0.015067138354386032,0.04619279358266432,0.014071269378053886,0.041887661814689586,-0.002621474164690778,-0.01081441967501299,0.005444230598830019,True
common_fixed,all344,AP10,bge_vl_mllm_s1_retrieval_results_licensed,metaclip2_retrieval_results_combined,0.10234189192633497,0.08459642888328925,0.07952461897417225,0.12597080856216727,0.06277507594254807,0.10619300859838245,-0.017745463043045705,-0.03275678817937201,-0.003567865685876011,True
common_fixed,all344,AP10,bge_vl_mllm_s1_retrieval_results_licensed,metaclip2_retrieval_results_image_only,0.20287955755516007,0.16327511818364945,0.1759679766464664,0.23099761134940514,0.13838941048357783,0.18920122301155676,-0.039604439371510626,-0.05582653122150535,-0.024895160670798114,True
common_fixed,all344,AP10,bge_vl_mllm_s1_retrieval_results_licensed,metaclip2_retrieval_results_text_only,0.13384885194456303,0.11021087499792093,0.10720033865068367,0.1602121567042569,0.08623169519048367,0.13467909690264118,-0.023637976946642096,-0.04050887923767253,-0.00723436252175956,True
common_fixed,all344,AP10,bge_vl_mllm_s1_retrieval_results_licensed,metaclip2_slerp_retrieval_results_licensed,0.1071715399518949,0.0902694162537785,0.08423277947315053,0.13039495542269205,0.06923357774790549,0.11149866124800512,-0.016902123698116393,-0.031225209444764236,-0.0032539329577557763,True
common_fixed,all344,AP10,bge_vl_mllm_s1_retrieval_results_licensed_reranked,bge_vl_mllm_s2_retrieval_results_licensed,0.08828018611229696,0.07053439725183744,0.06824869629516854,0.1101725196472348,0.05175670465801506,0.09022440832679594,-0.01774578886045951,-0.02882939717201357,-0.0076211691211130845,True
common_fixed,all344,AP10,bge_vl_mllm_s1_retrieval_results_licensed_reranked,metaclip2_retrieval_results_combined,0.16034865784016222,0.12747888010134778,0.13662003372847845,0.18445149918333964,0.10517999576848107,0.14934460491039642,-0.03286977773881444,-0.04738314045838517,-0.019960913595947354,True
common_fixed,all344,AP10,bge_vl_mllm_s1_retrieval_results_licensed_reranked,metaclip2_retrieval_results_image_only,0.2608863234689873,0.20615756940170796,0.23243579315675444,0.29049846563578124,0.18014475517564627,0.23234285795425935,-0.05472875406727936,-0.07353577894919139,-0.037621072783408045,True
common_fixed,all344,AP10,bge_vl_mllm_s1_retrieval_results_licensed_reranked,metaclip2_retrieval_results_text_only,0.19185561785839028,0.15309332621597946,0.16491511825733607,0.2198849665545455,0.12946777686384991,0.17771252709520785,-0.03876229164241084,-0.056517917680431795,-0.022215183567154462,True
common_fixed,all344,AP10,bge_vl_mllm_s1_retrieval_results_licensed_reranked,metaclip2_slerp_retrieval_results_licensed,0.16517830586572219,0.13315186747183705,0.14142798785031624,0.18939549156468927,0.11139488809703524,0.15518929930971292,-0.03202643839388513,-0.04590228184342292,-0.019498203423968526,True
common_fixed,all344,AP10,bge_vl_mllm_s2_retrieval_results_licensed,metaclip2_retrieval_results_combined,0.07206847172786529,0.05694448284951035,0.04883356683957265,0.09461045006752097,0.0357394832659163,0.07756930472974277,-0.015123988878354928,-0.027947592822619605,-0.002568222440385877,True
common_fixed,all344,AP10,bge_vl_mllm_s2_retrieval_results_licensed,metaclip2_retrieval_results_image_only,0.17260613735669036,0.13562317214987055,0.14859225100455706,0.19754754916254844,0.11351996151402577,0.1583391075049636,-0.03698296520681984,-0.051972596359542815,-0.023715364324872274,True
common_fixed,all344,AP10,bge_vl_mllm_s2_retrieval_results_licensed,metaclip2_retrieval_results_text_only,0.10357543174609335,0.08255892896414203,0.07853661483277766,0.1276957252112897,0.06136563670274209,0.10331855714080607,-0.02101650278195132,-0.036144038803449074,-0.006910240860201541,True
common_fixed,all344,AP10,bge_vl_mllm_s2_retrieval_results_licensed,metaclip2_slerp_retrieval_results_licensed,0.07689811975342523,0.06261747021999961,0.054520510682245574,0.09874235020539746,0.042373850206132595,0.08258189111416109,-0.014280649533425612,-0.026357266398037784,-0.00204719822955192,True
common_fixed,all344,AP10,metaclip2_retrieval_results_combined,metaclip2_retrieval_results_image_only,0.10053766562882512,0.07867868930036019,0.08101776686132399,0.1209878797646593,0.062133715655914315,0.09594113876455995,-0.021858976328464917,-0.03331031786365085,-0.01075437526973035,True
common_fixed,all344,AP10,metaclip2_retrieval_results_combined,metaclip2_retrieval_results_text_only,0.03150696001822806,0.02561444611463167,0.01575888789647285,0.04722812770085811,0.012944699459703819,0.038901185491877606,-0.0058925139035963916,-0.015873941650209143,0.003260115275334853,True
common_fixed,all344,AP10,metaclip2_retrieval_results_combined,metaclip2_slerp_retrieval_results_licensed,0.004829648025559947,0.005672987370489262,0.0010002755910237758,0.00899175668593463,0.0020267820828526193,0.009755252686221945,0.0008433393449293143,-0.001157803203657453,0.0030971475454216403,True
common_fixed,all344,AP10,metaclip2_retrieval_results_image_only,metaclip2_retrieval_results_text_only,-0.06903070561059703,-0.05306424318572852,-0.0947380732087788,-0.04467414753107822,-0.07335748297295708,-0.03343070223419569,0.015966462424868523,0.0038263404040625314,0.029337430786164104,True
common_fixed,all344,AP10,metaclip2_retrieval_results_image_only,metaclip2_slerp_retrieval_results_licensed,-0.09570801760326515,-0.07300570192987092,-0.11405892734079937,-0.07790091089596117,-0.08806978880156686,-0.058251868072433245,0.02270231567339423,0.012227824358803286,0.033645915584772514,True
common_fixed,all344,AP10,metaclip2_retrieval_results_text_only,metaclip2_slerp_retrieval_results_licensed,-0.026677311992668123,-0.01994145874414241,-0.04383650656128479,-0.009389875527174043,-0.03411507842903559,-0.006130271627672824,0.006735853248525707,-0.0022589393753463167,0.016519483469422912,True
common_fixed,all344,P10,bge_vl_mllm_s1_retrieval_results_licensed,bge_vl_mllm_s1_retrieval_results_licensed_reranked,-0.043215158924205375,-0.03184596577017115,-0.05373490297614199,-0.03296233102538742,-0.041056474059946904,-0.022777912110371883,0.011369193154034231,0.006241637491179504,0.0171610122599117,True
common_fixed,all344,P10,bge_vl_mllm_s1_retrieval_results_licensed,bge_vl_mllm_s2_retrieval_results_licensed,0.012775061124694384,0.012163814180929098,0.001844485694097075,0.024298910388623536,0.0027164218196531645,0.022293793623357674,-0.0006112469437652826,-0.004718466915827261,0.003703761864879956,True
common_fixed,all344,P10,bge_vl_mllm_s1_retrieval_results_licensed,metaclip2_retrieval_results_combined,0.06253056234718828,0.05293398533007335,0.045903539624335854,0.08017799321706272,0.0373459165236612,0.06951744251072549,-0.009596577017114914,-0.016056839056097217,-0.0029408177905308544,True
common_fixed,all344,P10,bge_vl_mllm_s1_retrieval_results_licensed,metaclip2_retrieval_results_image_only,0.15690709046454768,0.1273838630806846,0.1329056603773585,0.18241739970555756,0.10560006354024964,0.1504154322939962,-0.02952322738386308,-0.0401511110501116,-0.019543753656317636,True
common_fixed,all344,P10,bge_vl_mllm_s1_retrieval_results_licensed,metaclip2_retrieval_results_text_only,0.12243276283618583,0.09792176039119804,0.10416899194986022,0.14136199348153916,0.08110949828363323,0.11592337725052848,-0.024511002444987773,-0.0325866718583254,-0.016686498581055812,True
common_fixed,all344,P10,bge_vl_mllm_s1_retrieval_results_licensed,metaclip2_slerp_retrieval_results_licensed,0.057151589242053796,0.04877750611246944,0.0407297087348659,0.0746363698467995,0.03333283041641521,0.06516246618350932,-0.008374083129584355,-0.014868166875289655,-0.0016442998723101576,True
common_fixed,all344,P10,bge_vl_mllm_s1_retrieval_results_licensed_reranked,bge_vl_mllm_s2_retrieval_results_licensed,0.05599022004889976,0.044009779951100246,0.04231826195448751,0.07017042979284592,0.03209874698368423,0.05659327011330242,-0.011980440097799512,-0.018493722916842665,-0.005867573907537604,True
common_fixed,all344,P10,bge_vl_mllm_s1_retrieval_results_licensed_reranked,metaclip2_retrieval_results_combined,0.10574572127139364,0.08477995110024449,0.08767340482885473,0.12419549041252709,0.06829609915871697,0.10177204782767674,-0.02096577017114914,-0.028352203502769305,-0.014156961115278827,True
common_fixed,all344,P10,bge_vl_mllm_s1_retrieval_results_licensed_reranked,metaclip2_retrieval_results_image_only,0.20012224938875303,0.1592298288508558,0.17380216660234854,0.22747273718647767,0.1359720082581708,0.18390467195493204,-0.040892420537897316,-0.05400122699386504,-0.028891596887724576,True
common_fixed,all344,P10,bge_vl_mllm_s1_retrieval_results_licensed_reranked,metaclip2_retrieval_results_text_only,0.1656479217603912,0.12976772616136922,0.1452379497031086,0.18645442963224812,0.11025798357296154,0.1492699771203477,-0.03588019559902201,-0.046426602121174707,-0.026305564222397517,True
common_fixed,all344,P10,bge_vl_mllm_s1_retrieval_results_licensed_reranked,metaclip2_slerp_retrieval_results_licensed,0.10036674816625916,0.08062347188264057,0.08232093249032767,0.11843937337405268,0.06452180280488043,0.09754796466662911,-0.01974327628361858,-0.027086088938026106,-0.013059141693028792,True
common_fixed,all344,P10,bge_vl_mllm_s2_retrieval_results_licensed,metaclip2_retrieval_results_combined,0.049755501222493885,0.040770171149144246,0.03214024229785001,0.06766612292083435,0.024795602116440784,0.056680808830827024,-0.008985330073349632,-0.016316478839002637,-0.0015261354085151987,True
common_fixed,all344,P10,bge_vl_mllm_s2_retrieval_results_licensed,metaclip2_retrieval_results_image_only,0.14413202933985328,0.1152200488997555,0.12183602312183577,0.1685407754010695,0.09505311070635276,0.13684563952150178,-0.0289119804400978,-0.03914994391541882,-0.01929689934500975,True
common_fixed,all344,P10,bge_vl_mllm_s2_retrieval_results_licensed,metaclip2_retrieval_results_text_only,0.10965770171149145,0.08575794621026896,0.09138571479047415,0.12829602458058895,0.06969258319918993,0.10219309200738856,-0.02389975550122249,-0.032898935460432814,-0.015649694746486503,True
common_fixed,all344,P10,bge_vl_mllm_s2_retrieval_results_licensed,metaclip2_slerp_retrieval_results_licensed,0.04437652811735941,0.036613691931540335,0.027351166202650084,0.06240720624487029,0.021107522935779815,0.0523933567770048,-0.007762836185819071,-0.015067788961139538,-0.00030353847938360514,True
common_fixed,all344,P10,metaclip2_retrieval_results_combined,metaclip2_retrieval_results_image_only,0.0943765281173594,0.07444987775061122,0.0747337327477861,0.1146018390308134,0.05753465737920183,0.09188628156824291,-0.01992665036674817,-0.029729215929554766,-0.010629106786903644,True
common_fixed,all344,P10,metaclip2_retrieval_results_combined,metaclip2_retrieval_results_text_only,0.05990220048899755,0.044987775061124696,0.04829919759645332,0.07193754720776731,0.03492244959601299,0.055720064447331165,-0.014914425427872862,-0.020902916464790894,-0.009774413686182083,True
common_fixed,all344,P10,metaclip2_retrieval_results_combined,metaclip2_slerp_retrieval_results_licensed,-0.0053789731051344745,-0.0041564792176039134,-0.008386823114360117,-0.0023748888802245845,-0.006915558553082597,-0.0014153470437018028,0.0012224938875305613,6.022658653707902e-05,0.002489626556016597,True
common_fixed,all344,P10,metaclip2_retrieval_results_image_only,metaclip2_retrieval_results_text_only,-0.034474327628361855,-0.029462102689486545,-0.057656011461797996,-0.012693493949304354,-0.04862166998967066,-0.010755770470664101,0.0050122249388753065,-0.0039955371825753545,0.014475606392056707,True
common_fixed,all344,P10,metaclip2_retrieval_results_image_only,metaclip2_slerp_retrieval_results_licensed,-0.09975550122249388,-0.07860635696821515,-0.11905424737376247,-0.08069129240223732,-0.09524141061312417,-0.06244681710981779,0.021149144254278728,0.012007440835546971,0.03107361585489898,True
common_fixed,all344,P10,metaclip2_retrieval_results_text_only,metaclip2_slerp_retrieval_results_licensed,-0.06528117359413203,-0.04914425427872861,-0.0787769462161753,-0.05235245772920262,-0.061099141771203534,-0.03765180960876768,0.01613691931540342,0.010329999835327956,0.022752699659668637,True
common_fixed,all344,AP_range,bge_vl_mllm_s1_retrieval_results_licensed,bge_vl_mllm_s1_retrieval_results_licensed_reranked,-0.05738162874826026,-0.0550467117624691,-0.08326215536683691,-0.03174431274435973,-0.08014998498793678,-0.03158551689347653,0.00233491698579117,-0.019786926831308786,0.024717833144931402,True
common_fixed,all344,AP_range,bge_vl_mllm_s1_retrieval_results_licensed,bge_vl_mllm_s2_retrieval_results_licensed,0.019446290508823454,0.0268262010284502,0.001394914738906819,0.03738681031444674,0.008791953116715575,0.045039048640943546,0.007379910519626736,-0.005784333905910381,0.02056275061183021,True
common_fixed,all344,AP_range,bge_vl_mllm_s1_retrieval_results_licensed,metaclip2_retrieval_results_combined,0.03602054878258532,0.04574204408427304,0.012236317282817155,0.05934116946480336,0.02025005041210744,0.07102437328584348,0.009721495301687711,-0.009032970984868306,0.02886668390109679,True
common_fixed,all344,AP_range,bge_vl_mllm_s1_retrieval_results_licensed,metaclip2_retrieval_results_image_only,0.21519086864621478,0.1993317537483765,0.19235243562246854,0.23845823968153457,0.17439550653875288,0.2252365062986101,-0.015859114897838318,-0.0333802185549912,0.001316156207181889,True
common_fixed,all344,AP_range,bge_vl_mllm_s1_retrieval_results_licensed,metaclip2_retrieval_results_text_only,-0.0032199314056632635,0.025919488233997992,-0.03499229226993568,0.028680584066368,-0.0040231785144201684,0.05574332916887608,0.029139419639661244,0.009046398577493566,0.05008407146618983,False
common_fixed,all344,AP_range,bge_vl_mllm_s1_retrieval_results_licensed,metaclip2_slerp_retrieval_results_licensed,0.05704842487767281,0.06532564122409933,0.033512588742177364,0.08056592106487567,0.042048050906496964,0.08855301235640002,0.008277216346426504,-0.009098839438488361,0.02605225067547997,True
common_fixed,all344,AP_range,bge_vl_mllm_s1_retrieval_results_licensed_reranked,bge_vl_mllm_s2_retrieval_results_licensed,0.07682791925708372,0.0818729127909193,0.052754904698100596,0.10192510679103285,0.05677470366013994,0.10886119793428045,0.005044993533835569,-0.016698828908514346,0.026894005320572855,True
common_fixed,all344,AP_range,bge_vl_mllm_s1_retrieval_results_licensed_reranked,metaclip2_retrieval_results_combined,0.09340217753084559,0.10078875584674214,0.06692772088488222,0.11986393987874308,0.07345321373298035,0.12909588846842526,0.007386578315896545,-0.014552804344264557,0.029325477338650978,True
common_fixed,all344,AP_range,bge_vl_mllm_s1_retrieval_results_licensed_reranked,metaclip2_retrieval_results_image_only,0.27257249739447503,0.2543784655108456,0.2466367226206285,0.2985888749034499,0.2259936196995665,0.2837168118881553,-0.018194031883629485,-0.040643940439662025,0.004008991904234875,True
common_fixed,all344,AP_range,bge_vl_mllm_s1_retrieval_results_licensed_reranked,metaclip2_retrieval_results_text_only,0.054161697342597,0.08096619999646709,0.017700520131018936,0.09062875170511378,0.04741843951384208,0.11376774718403806,0.02680450265387008,0.0030979420212630185,0.050262687518315204,True
common_fixed,all344,AP_range,bge_vl_mllm_s1_retrieval_results_licensed_reranked,metaclip2_slerp_retrieval_results_licensed,0.11443005362593309,0.1203723529865684,0.0895515848459301,0.14060921494456707,0.09507554841117308,0.14642952463920844,0.005942299360635336,-0.01592849860257617,0.02783706347285658,True
common_fixed,all344,AP_range,bge_vl_mllm_s2_retrieval_results_licensed,metaclip2_retrieval_results_combined,0.016574258273761876,0.01891584305582284,-0.008154341835229005,0.04141417989306166,-0.00733097029623239,0.04498567122593405,0.00234158478206097,-0.014796969650545114,0.020217032680955184,True
common_fixed,all344,AP_range,bge_vl_mllm_s2_retrieval_results_licensed,metaclip2_retrieval_results_image_only,0.19574457813739132,0.17250555271992626,0.17404457798842962,0.21799085225156983,0.14876884651909866,0.1965626261789214,-0.023239025417465062,-0.038991358117321,-0.006995208188642171,True
common_fixed,all344,AP_range,bge_vl_mllm_s2_retrieval_results_licensed,metaclip2_retrieval_results_text_only,-0.022666221914486726,-0.0009067127944522082,-0.05460911982473628,0.009843956014593725,-0.03071755504354174,0.029722784092293328,0.021759509120034513,0.0024810575204558174,0.041310143358809864,True
common_fixed,all344,AP_range,bge_vl_mllm_s2_retrieval_results_licensed,metaclip2_slerp_retrieval_results_licensed,0.037602134368849356,0.03849944019564912,0.013520497485252664,0.06200086508482714,0.014417481407542397,0.06266123629899406,0.000897305826799766,-0.015467444409430563,0.018631655018593325,True
common_fixed,all344,AP_range,metaclip2_retrieval_results_combined,metaclip2_retrieval_results_image_only,0.17917031986362947,0.15358970966410343,0.15933206373099712,0.19980577101792749,0.13282520857148997,0.17488764253461817,-0.025580610199526028,-0.04160969592142002,-0.00986743190096287,True
common_fixed,all344,AP_range,metaclip2_retrieval_results_combined,metaclip2_retrieval_results_text_only,-0.039240480188248585,-0.019822555850275057,-0.06358837142335307,-0.01565121989105759,-0.04014342320054806,0.0008177903448662687,0.019417924337973538,0.0050522240997156785,0.03501345000176991,True
common_fixed,all344,AP_range,metaclip2_retrieval_results_combined,metaclip2_slerp_retrieval_results_licensed,0.02102787609508748,0.019583597139826273,0.014078080124526606,0.028390496960664254,0.011695693493395335,0.028278835923322226,-0.0014442789552612083,-0.006642894850065705,0.004019496478306948,True
common_fixed,all344,AP_range,metaclip2_retrieval_results_image_only,metaclip2_retrieval_results_text_only,-0.21841080005187805,-0.17341226551437852,-0.2502228751465732,-0.1875175775779775,-0.2035361122223057,-0.14444303724426552,0.04499853453749957,0.02588297833709186,0.06496199069393048,True
common_fixed,all344,AP_range,metaclip2_retrieval_results_image_only,metaclip2_slerp_retrieval_results_licensed,-0.15814244376854203,-0.1340061125242772,-0.17671538285388141,-0.14031417052521367,-0.15190922351938785,-0.1166310803018677,0.024136331244264828,0.01081331589935128,0.038162997911197226,True
common_fixed,all344,AP_range,metaclip2_retrieval_results_text_only,metaclip2_slerp_retrieval_results_licensed,0.060268356283336086,0.03940615299010133,0.03411276770356991,0.08744705312503565,0.01738473562238076,0.061397041720815636,-0.02086220329323475,-0.03649389862274733,-0.006631916387887898,True
common_fixed,all344,P_range,bge_vl_mllm_s1_retrieval_results_licensed,bge_vl_mllm_s1_retrieval_results_licensed_reranked,-0.016236162361623622,-0.011808118081180815,-0.03214285714285714,-4.950049753166595e-18,-0.025746551334237904,0.0022558518938856523,0.004428044280442804,-0.006689025375787941,0.015504536645525006,True
common_fixed,all344,P_range,bge_vl_mllm_s1_retrieval_results_licensed,bge_vl_mllm_s2_retrieval_results_licensed,0.02029520295202952,0.019188191881918816,0.0067415730337078645,0.034545788770053466,0.005659845368137324,0.03297746071133164,-0.0011070110701107024,-0.009923734283789854,0.00814814814814815,True
common_fixed,all344,P_range,bge_vl_mllm_s1_retrieval_results_licensed,metaclip2_retrieval_results_combined,-0.0036900369003690045,0.012915129151291513,-0.022696251632229818,0.014123490099733831,-0.005036425733059765,0.03019153802172666,0.016605166051660517,0.006181258234519105,0.028185823185823182,False
common_fixed,all344,P_range,bge_vl_mllm_s1_retrieval_results_licensed,metaclip2_retrieval_results_image_only,0.16974169741697417,0.15350553505535058,0.15193688336856942,0.1876865671641791,0.133581953371827,0.17355157916324856,-0.016236162361623615,-0.027715902567046667,-0.004510436539108978,True
common_fixed,all344,P_range,bge_vl_mllm_s1_retrieval_results_licensed,metaclip2_retrieval_results_text_only,-0.021402214022140223,0.013284132841328414,-0.046715398923428124,0.003929278006166484,-0.010305717041101848,0.03636532612369041,0.03468634686346864,0.02,0.0501755329183173,False
common_fixed,all344,P_range,bge_vl_mllm_s1_retrieval_results_licensed,metaclip2_slerp_retrieval_results_licensed,0.004797047970479701,0.020664206642066415,-0.013382899628252794,0.021943335441536857,0.003676133915104502,0.037593984962406006,0.015867158671586716,0.005493506493506493,0.027509293680297395,True
common_fixed,all344,P_range,bge_vl_mllm_s1_retrieval_results_licensed_reranked,bge_vl_mllm_s2_retrieval_results_licensed,0.036531365313653134,0.030996309963099624,0.019622641509433967,0.05323922743338428,0.016104546041585954,0.04669121223392081,-0.005535055350553507,-0.016975162720377208,0.00588289559366181,True
common_fixed,all344,P_range,bge_vl_mllm_s1_retrieval_results_licensed_reranked,metaclip2_retrieval_results_combined,0.012546125461254613,0.024723247232472326,-0.008582591076873688,0.0332061780790703,0.005473954877239548,0.04403176607457009,0.012177121771217712,-0.0015328629121732574,0.027037037037037037,True
common_fixed,all344,P_range,bge_vl_mllm_s1_retrieval_results_licensed_reranked,metaclip2_retrieval_results_image_only,0.18597785977859782,0.1653136531365314,0.16761322310829418,0.2048458249004374,0.14478735665302828,0.18609125459634487,-0.02066420664206642,-0.034559578968573736,-0.006640849924982782,True
common_fixed,all344,P_range,bge_vl_mllm_s1_retrieval_results_licensed_reranked,metaclip2_retrieval_results_text_only,-0.005166051660516606,0.02509225092250923,-0.030712338743237616,0.020864114678406518,0.001858393119247177,0.0487546684606969,0.030258302583025826,0.015298507462686566,0.04708082090341689,False
common_fixed,all344,P_range,bge_vl_mllm_s1_retrieval_results_licensed_reranked,metaclip2_slerp_retrieval_results_licensed,0.021033210332103317,0.03247232472324723,0.001079390451832906,0.0405111863348981,0.014285714285714289,0.05037979223677562,0.011439114391143911,-0.0022988505747126423,0.025939849624060145,True
common_fixed,all344,P_range,bge_vl_mllm_s2_retrieval_results_licensed,metaclip2_retrieval_results_combined,-0.023985239852398532,-0.006273062730627307,-0.044738492737219394,-0.004528301886792456,-0.025,0.012224358974358944,0.01771217712177122,0.005554534313725493,0.030535143309808426,True
common_fixed,all344,P_range,bge_vl_mllm_s2_retrieval_results_licensed,metaclip2_retrieval_results_image_only,0.14944649446494468,0.1343173431734317,0.1330881669582331,0.16641791044776122,0.11642186463171866,0.15243445692883897,-0.015129151291512913,-0.02741312741312741,-0.002863006617038936,True
common_fixed,all344,P_range,bge_vl_mllm_s2_retrieval_results_licensed,metaclip2_retrieval_results_text_only,-0.041697416974169746,-0.005904059040590405,-0.0673994708994709,-0.016477863491531127,-0.029305124223602486,0.017228464419475654,0.03579335793357933,0.021582198924874972,0.05111111111111111,True
common_fixed,all344,P_range,bge_vl_mllm_s2_retrieval_results_licensed,metaclip2_slerp_retrieval_results_licensed,-0.015498154981549819,0.001476014760147598,-0.0347674146797569,0.003088803088803084,-0.01623639548669855,0.018796992481203003,0.016974169741697423,0.004347826086956524,0.030000000000000002,False
common_fixed,all344,P_range,metaclip2_retrieval_results_combined,metaclip2_retrieval_results_image_only,0.17343173431734318,0.14059040590405908,0.1555159465786234,0.19256777918487952,0.1220954853364702,0.16051684793163717,-0.03284132841328413,-0.04552529182879377,-0.02089358042501251,True
common_fixed,all344,P_range,metaclip2_retrieval_results_combined,metaclip2_retrieval_results_text_only,-0.017712177121771214,0.0003690036900369032,-0.037919508343349076,0.0021440302398331424,-0.015498958682768642,0.016730038022813688,0.018081180811808116,0.0058823529411764705,0.031294964028776975,False
common_fixed,all344,P_range,metaclip2_retrieval_results_combined,metaclip2_slerp_retrieval_results_licensed,0.008487084870848706,0.007749077490774906,0.001136256432246998,0.01610517759394163,0.0011194029850746263,0.014652014652014652,-0.0007380073800737997,-0.005474452554744523,0.003690378570452367,True
common_fixed,all344,P_range,metaclip2_retrieval_results_image_only,metaclip2_retrieval_results_text_only,-0.19114391143911438,-0.14022140221402216,-0.21751872480662382,-0.16642329032779382,-0.1656939520333681,-0.11617619416187529,0.05092250922509225,0.03571428571428571,0.06691463949001371,True
common_fixed,all344,P_range,metaclip2_retrieval_results_image_only,metaclip2_slerp_retrieval_results_licensed,-0.16494464944649448,-0.13284132841328414,-0.18239700374531836,-0.14816072810703232,-0.1514814814814815,-0.11527053872053876,0.03210332103321033,0.020587095303237574,0.04411764705882353,True
common_fixed,all344,P_range,metaclip2_retrieval_results_text_only,metaclip2_slerp_retrieval_results_licensed,0.026199261992619925,0.007380073800738006,0.006295138888888885,0.04650437062937061,-0.00992738631430432,0.02462686567164179,-0.018819188191881917,-0.03232023037351823,-0.0062038155275381595,True
common_fixed,split121,AP10,bge_vl_mllm_s1_retrieval_results_licensed,bge_vl_mllm_s1_retrieval_results_licensed_reranked,-0.05266868602431557,-0.043512044083169985,-0.0810479421050351,-0.024726924817437233,-0.07221636560447545,-0.016868443870052433,0.009156641941145578,-0.004617388721395322,0.02308001499541746,True
common_fixed,split121,AP10,bge_vl_mllm_s1_retrieval_results_licensed,bge_vl_mllm_s2_retrieval_results_licensed,0.02172456372693459,0.016572145728975834,0.0008366603045566631,0.043001881805339225,-0.0034808769969152326,0.03604427227049986,-0.005152417997958756,-0.015145557833460782,0.0048916922955284875,True
common_fixed,split121,AP10,bge_vl_mllm_s1_retrieval_results_licensed,metaclip2_retrieval_results_combined,0.07354502505647581,0.05292689183331839,0.037660777042596745,0.11012613758801577,0.018166794357194146,0.08697817924543183,-0.020618133223157437,-0.037328614650253444,-0.005045761269357502,True
common_fixed,split121,AP10,bge_vl_mllm_s1_retrieval_results_licensed,metaclip2_retrieval_results_image_only,0.15656707144565293,0.12072716759333993,0.11347005696577252,0.19990304729948644,0.08214350685218758,0.15936990112731875,-0.03583990385231305,-0.05162926291515324,-0.020213616281064523,True
common_fixed,split121,AP10,bge_vl_mllm_s1_retrieval_results_licensed,metaclip2_retrieval_results_text_only,0.1110487955383032,0.08764472169910023,0.06894803154083766,0.15370080889406332,0.048141083935702836,0.1281162235179335,-0.023404073839202975,-0.04031490692096236,-0.00525038788882286,True
common_fixed,split121,AP10,bge_vl_mllm_s1_retrieval_results_licensed,metaclip2_slerp_retrieval_results_licensed,0.07611236553629613,0.058085453845693955,0.04168911426596901,0.11146313306253795,0.025968154072890125,0.09039578668578072,-0.01802691169060217,-0.03320093931485947,-0.0034733346095994285,True
common_fixed,split121,AP10,bge_vl_mllm_s1_retrieval_results_licensed_reranked,bge_vl_mllm_s2_retrieval_results_licensed,0.07439324975125015,0.06008418981214582,0.04282094248395002,0.10907965815959422,0.03189815606003002,0.09125321470332942,-0.014309059939104337,-0.02973501124679708,0.0012524694134414842,True
common_fixed,split121,AP10,bge_vl_mllm_s1_retrieval_results_licensed_reranked,metaclip2_retrieval_results_combined,0.12621371108079138,0.09643893591648836,0.08857157409365275,0.16345932344021127,0.06321284559455351,0.12988479956135854,-0.02977477516430301,-0.04830376178620302,-0.011769517970903934,True
common_fixed,split121,AP10,bge_vl_mllm_s1_retrieval_results_licensed_reranked,metaclip2_retrieval_results_image_only,0.20923575746996853,0.1642392116765099,0.16259760669221499,0.25669908798220703,0.12380565876008541,0.2068250871231238,-0.044996545793458624,-0.06332959213590526,-0.02702872223128455,True
common_fixed,split121,AP10,bge_vl_mllm_s1_retrieval_results_licensed_reranked,metaclip2_retrieval_results_text_only,0.16371748156261876,0.1311567657822702,0.12446006197881024,0.20368109769113404,0.09620583813500455,0.16738146961096723,-0.032560715780348554,-0.05090923338003154,-0.01383724120145143,True
common_fixed,split121,AP10,bge_vl_mllm_s1_retrieval_results_licensed_reranked,metaclip2_slerp_retrieval_results_licensed,0.12878105156061168,0.10159749792886394,0.08996859825213625,0.16744835095122307,0.0688681760960479,0.1355957293692243,-0.02718355363174775,-0.04403276478700554,-0.00998587401108301,True
common_fixed,split121,AP10,bge_vl_mllm_s2_retrieval_results_licensed,metaclip2_retrieval_results_combined,0.05182046132954123,0.03635474610434255,0.015737847923685155,0.08667481008085089,0.003037691086001362,0.0693664041795303,-0.01546571522519868,-0.03415724136921171,0.0017348180868431958,True
common_fixed,split121,AP10,bge_vl_mllm_s2_retrieval_results_licensed,metaclip2_retrieval_results_image_only,0.1348425077187184,0.10415502186436408,0.09762977313532192,0.17104305869529762,0.07128352497612958,0.13716443586364602,-0.030687485854354296,-0.04777900444006064,-0.013277733614789343,True
common_fixed,split121,AP10,bge_vl_mllm_s2_retrieval_results_licensed,metaclip2_retrieval_results_text_only,0.08932423181136862,0.07107257597012438,0.04713689769153184,0.12976932455055235,0.034545728994028635,0.10651174443316662,-0.01825165584124422,-0.03710901607581108,0.0012782719283738974,True
common_fixed,split121,AP10,bge_vl_mllm_s2_retrieval_results_licensed,metaclip2_slerp_retrieval_results_licensed,0.05438780180936153,0.04151330811671813,0.020594252831312207,0.08744659470401013,0.011811484885063487,0.07223981288701217,-0.012874493692643414,-0.02924216264597914,0.0032256612878541423,True
common_fixed,split121,AP10,metaclip2_retrieval_results_combined,metaclip2_retrieval_results_image_only,0.08302204638917714,0.06780027576002153,0.05148105094619535,0.1177358483566331,0.03943655503491254,0.09909442151584005,-0.01522177062915561,-0.030954857599915196,0.0009112675675602352,True
common_fixed,split121,AP10,metaclip2_retrieval_results_combined,metaclip2_retrieval_results_text_only,0.03750377048182739,0.03471782986578184,0.014016592615567692,0.06055181393613002,0.014131748769890418,0.05629450588215309,-0.002785940616045539,-0.014332114607971895,0.009389210188432246,True
common_fixed,split121,AP10,metaclip2_retrieval_results_combined,metaclip2_slerp_retrieval_results_licensed,0.002567340479820305,0.005158562012375571,-0.004682177149567471,0.01119278740448029,-0.00225079945564746,0.01364033190356748,0.002591221532555266,-0.0010770511168109325,0.007082189931674494,True
common_fixed,split121,AP10,metaclip2_retrieval_results_image_only,metaclip2_retrieval_results_text_only,-0.04551827590734975,-0.03308244589423968,-0.08831552126543635,-0.006703552054782179,-0.06959578758402662,-0.00036684323590811964,0.012435830013110076,-0.0046106141116280495,0.03165552470016249,True
common_fixed,split121,AP10,metaclip2_retrieval_results_image_only,metaclip2_slerp_retrieval_results_licensed,-0.08045470590935681,-0.06264171374764595,-0.11078176828299759,-0.05214632215253827,-0.08898653104516925,-0.03899009349390088,0.017812992161710877,0.004219708459470023,0.03204738503950786,True
common_fixed,split121,AP10,metaclip2_retrieval_results_text_only,metaclip2_slerp_retrieval_results_licensed,-0.03493643000200708,-0.029559267853406273,-0.06197333649116943,-0.00723105253048368,-0.05188223784234554,-0.0064798536424374885,0.005377162148600806,-0.006002022372268644,0.017271376880672283,True
common_fixed,split121,P10,bge_vl_mllm_s1_retrieval_results_licensed,bge_vl_mllm_s1_retrieval_results_licensed_reranked,-0.03627118644067796,-0.02644067796610169,-0.05246492369892266,-0.019829398169128994,-0.03938382108758821,-0.013080697760725164,0.009830508474576274,0.0028236347591362194,0.01751367453541544,True
common_fixed,split121,P10,bge_vl_mllm_s1_retrieval_results_licensed,bge_vl_mllm_s2_retrieval_results_licensed,0.007796610169491527,0.008135593220338985,-0.01057384861164379,0.025375950418227263,-0.006592354101078904,0.022393604980192414,0.000338983050847457,-0.006666944908180304,0.007462876618604764,True
common_fixed,split121,P10,bge_vl_mllm_s1_retrieval_results_licensed,metaclip2_retrieval_results_combined,0.052203389830508484,0.033898305084745776,0.02594371465061121,0.07838436943370186,0.013179224941294629,0.05522089267230607,-0.018305084745762708,-0.027553656705495883,-0.009490144536694741,True
common_fixed,split121,P10,bge_vl_mllm_s1_retrieval_results_licensed,metaclip2_retrieval_results_image_only,0.1183050847457627,0.08016949152542373,0.07882924104728739,0.15913811523725316,0.049915639430765706,0.11261161196984691,-0.03813559322033898,-0.05322990575916229,-0.022822477650063875,True
common_fixed,split121,P10,bge_vl_mllm_s1_retrieval_results_licensed,metaclip2_retrieval_results_text_only,0.11932203389830508,0.08288135593220339,0.0883766570008285,0.15083180770670535,0.058097325390700366,0.10865237686073244,-0.03644067796610169,-0.048365983676270034,-0.025040422885572147,True
common_fixed,split121,P10,bge_vl_mllm_s1_retrieval_results_licensed,metaclip2_slerp_retrieval_results_licensed,0.04576271186440678,0.0288135593220339,0.01982747177296307,0.07198643148272067,0.008199968405849438,0.05052096166655856,-0.016949152542372878,-0.026466041006425862,-0.008005605890016101,True
common_fixed,split121,P10,bge_vl_mllm_s1_retrieval_results_licensed_reranked,bge_vl_mllm_s2_retrieval_results_licensed,0.0440677966101695,0.034576271186440674,0.02306358271811798,0.06495726495726496,0.01868848319258155,0.050177873835050076,-0.009491525423728817,-0.01890540072549687,-0.00033109850720171703,True
common_fixed,split121,P10,bge_vl_mllm_s1_retrieval_results_licensed_reranked,metaclip2_retrieval_results_combined,0.08847457627118643,0.06033898305084746,0.057704094023766146,0.12045473297329734,0.03700993238406795,0.08378915526248934,-0.028135593220338987,-0.04045384434700908,-0.016278872684272774,True
common_fixed,split121,P10,bge_vl_mllm_s1_retrieval_results_licensed_reranked,metaclip2_retrieval_results_image_only,0.15457627118644068,0.10661016949152541,0.11374019835192094,0.19664355201301645,0.07648907736817123,0.13918924856315013,-0.047966101694915254,-0.06465833744429302,-0.03196498599439777,True
common_fixed,split121,P10,bge_vl_mllm_s1_retrieval_results_licensed_reranked,metaclip2_retrieval_results_text_only,0.15559322033898304,0.10932203389830508,0.12181292722601977,0.19039458214533186,0.08336018238456969,0.13521470178484896,-0.046271186440677965,-0.06106369482512004,-0.03209834407786627,True
common_fixed,split121,P10,bge_vl_mllm_s1_retrieval_results_licensed_reranked,metaclip2_slerp_retrieval_results_licensed,0.08203389830508476,0.05525423728813558,0.05077720207253887,0.11322100982996082,0.03202622431535045,0.0782268274143828,-0.02677966101694915,-0.039145499864351604,-0.01473048357065906,True
common_fixed,split121,P10,bge_vl_mllm_s2_retrieval_results_licensed,metaclip2_retrieval_results_combined,0.04440677966101696,0.025762711864406783,0.01660715236962196,0.0727435625284301,0.003799547700884082,0.04802794660252135,-0.018644067796610164,-0.029463188269481435,-0.008152538445151975,True
common_fixed,split121,P10,bge_vl_mllm_s2_retrieval_results_licensed,metaclip2_retrieval_results_image_only,0.11050847457627119,0.07203389830508476,0.07440212727042503,0.1472345928795594,0.04385934506978017,0.10120898100172712,-0.038474576271186445,-0.052910075559904325,-0.02418467393310161,True
common_fixed,split121,P10,bge_vl_mllm_s2_retrieval_results_licensed,metaclip2_retrieval_results_text_only,0.11152542372881355,0.07474576271186441,0.08030749450142245,0.14234723540579025,0.05074497305140963,0.09868929729274553,-0.03677966101694915,-0.05024396251351676,-0.023510453658380514,True
common_fixed,split121,P10,bge_vl_mllm_s2_retrieval_results_licensed,metaclip2_slerp_retrieval_results_licensed,0.03796610169491526,0.020677966101694915,0.010787544669446094,0.06547837232399632,-0.0005330182185305871,0.04240035889070147,-0.017288135593220334,-0.027796052631578944,-0.0070444360980158535,True
common_fixed,split121,P10,metaclip2_retrieval_results_combined,metaclip2_retrieval_results_image_only,0.06610169491525424,0.04627118644067796,0.03430506979006195,0.0996657255019057,0.021672681203931204,0.07285517038105377,-0.019830508474576274,-0.03221543045591298,-0.006723582983640464,True
common_fixed,split121,P10,metaclip2_retrieval_results_combined,metaclip2_retrieval_results_text_only,0.06711864406779662,0.048983050847457625,0.05025634517766498,0.08521627822369125,0.03552172709087603,0.06296975408078713,-0.018135593220338978,-0.025841697307740247,-0.011129554710106095,True
common_fixed,split121,P10,metaclip2_retrieval_results_combined,metaclip2_slerp_retrieval_results_licensed,-0.006440677966101697,-0.005084745762711868,-0.011188811188811189,-0.0013698630136986384,-0.009283475402574537,-0.000696683888021153,0.0013559322033898293,-0.0008696030904408444,0.00385938523941879,True
common_fixed,split121,P10,metaclip2_retrieval_results_image_only,metaclip2_retrieval_results_text_only,0.0010169491525423725,0.0027118644067796634,-0.03483048753401077,0.03560245284372085,-0.025511699793924078,0.02950264812975836,0.0016949152542372905,-0.013620668062190259,0.015230324431692761,True
common_fixed,split121,P10,metaclip2_retrieval_results_image_only,metaclip2_slerp_retrieval_results_licensed,-0.07254237288135593,-0.051355932203389826,-0.10476249410655353,-0.04196726841800239,-0.07705791616814923,-0.02745826835689257,0.021186440677966097,0.008898959734706646,0.03322284354242692,True
common_fixed,split121,P10,metaclip2_retrieval_results_text_only,metaclip2_slerp_retrieval_results_licensed,-0.0735593220338983,-0.05406779661016949,-0.09419681696230886,-0.054329269009111676,-0.07023683669976037,-0.03868010824938138,0.01949152542372881,0.011383329517511647,0.02845451921401185,True
common_fixed,split121,AP_range,bge_vl_mllm_s1_retrieval_results_licensed,bge_vl_mllm_s1_retrieval_results_licensed_reranked,-0.07981455669323857,-0.06523115193003509,-0.1140932350650464,-0.04643400511809864,-0.10398794572498028,-0.029355186314678663,0.014583404763203484,-0.026493880894253505,0.055206063176138506,True
common_fixed,split121,AP_range,bge_vl_mllm_s1_retrieval_results_licensed,bge_vl_mllm_s2_retrieval_results_licensed,0.011788305241913485,0.03150782773972514,-0.01250653274562005,0.03509085191753296,-0.0008791272646211275,0.06274741873374393,0.01971952249781165,-0.005791815850441657,0.04633971436629854,True
common_fixed,split121,AP_range,bge_vl_mllm_s1_retrieval_results_licensed,metaclip2_retrieval_results_combined,0.01923678157784687,0.05641363933889707,-0.016117415298898013,0.054025515922743364,0.0061112739554264025,0.1051978933871336,0.037176857761050196,0.0029227565297095886,0.06963145989134886,True
common_fixed,split121,AP_range,bge_vl_mllm_s1_retrieval_results_licensed,metaclip2_retrieval_results_image_only,0.1863646725395007,0.20379209167439413,0.15164794472557744,0.22168015883690997,0.15703246905057364,0.25072823664124844,0.017427419134893363,-0.014588557676954604,0.05191053499291566,True
common_fixed,split121,AP_range,bge_vl_mllm_s1_retrieval_results_licensed,metaclip2_retrieval_results_text_only,0.0022659437963807086,0.06970141502572774,-0.05313987312814315,0.056580648621674966,0.01722249575784298,0.1220862154385563,0.06743547122934702,0.03165287955476021,0.10336430910814619,True
common_fixed,split121,AP_range,bge_vl_mllm_s1_retrieval_results_licensed,metaclip2_slerp_retrieval_results_licensed,0.0413092462070739,0.07700679785087002,0.0073174769167881,0.07454343762287462,0.032216123302681754,0.11924931099225726,0.03569755164379612,0.006081016531063558,0.0657204312399836,True
common_fixed,split121,AP_range,bge_vl_mllm_s1_retrieval_results_licensed_reranked,bge_vl_mllm_s2_retrieval_results_licensed,0.09160286193515205,0.09673897966976022,0.057088565258055404,0.12724894218052676,0.05433308631740941,0.14093453747426857,0.005136117734608164,-0.03781526516382923,0.05030405515302184,True
common_fixed,split121,AP_range,bge_vl_mllm_s1_retrieval_results_licensed_reranked,metaclip2_retrieval_results_combined,0.09905133827108543,0.12164479126893217,0.05917795524696435,0.13964817488530898,0.07017240679152088,0.17297635273070747,0.022593452997846722,-0.020835950944631497,0.06577551245437627,True
common_fixed,split121,AP_range,bge_vl_mllm_s1_retrieval_results_licensed_reranked,metaclip2_retrieval_results_image_only,0.2661792292327393,0.2690232436044292,0.22564696055685624,0.3077532775225929,0.21573822343456844,0.32434698727476863,0.0028440143716898856,-0.04034486281654289,0.047052342640575805,True
common_fixed,split121,AP_range,bge_vl_mllm_s1_retrieval_results_licensed_reranked,metaclip2_retrieval_results_text_only,0.08208050048961929,0.13493256695576283,0.025828947953980292,0.13760107099805388,0.085876043054971,0.18468291285457084,0.052852066466143544,0.008900271705427116,0.09885955013694715,True
common_fixed,split121,AP_range,bge_vl_mllm_s1_retrieval_results_licensed_reranked,metaclip2_slerp_retrieval_results_licensed,0.12112380290031244,0.14223794978090512,0.08285424614761665,0.15948560907276232,0.09680548484021106,0.18831189390749872,0.021114146880592644,-0.020277769017903895,0.06351101140446533,True
common_fixed,split121,AP_range,bge_vl_mllm_s2_retrieval_results_licensed,metaclip2_retrieval_results_combined,0.007448476335933387,0.024905811599171934,-0.025924742724450618,0.03996807408281406,-0.021666371446159825,0.06993578809713677,0.01745733526323855,-0.021383787981143796,0.054311263523602604,True
common_fixed,split121,AP_range,bge_vl_mllm_s2_retrieval_results_licensed,metaclip2_retrieval_results_image_only,0.17457636729758721,0.17228426393466895,0.14396601902600972,0.20584420449313984,0.13155642013702196,0.21508281444830094,-0.002292103362918287,-0.03634340658518698,0.0339394952270236,True
common_fixed,split121,AP_range,bge_vl_mllm_s2_retrieval_results_licensed,metaclip2_retrieval_results_text_only,-0.009522361445532772,0.038193587286002605,-0.06205283539436142,0.041458942673297514,-0.015111393103834461,0.09087442033323154,0.04771594873153537,0.012688534049892092,0.08276506589300979,False
common_fixed,split121,AP_range,bge_vl_mllm_s2_retrieval_results_licensed,metaclip2_slerp_retrieval_results_licensed,0.029520940965160402,0.04549897011114488,-0.0022179882603547527,0.06026905395887134,0.003486232298196365,0.08622145418574322,0.015978029145984476,-0.020927521921688383,0.051116030162079266,True
common_fixed,split121,AP_range,metaclip2_retrieval_results_combined,metaclip2_retrieval_results_image_only,0.16712789096165387,0.147378452335497,0.13579773349775193,0.19955002746313835,0.10575962182563135,0.19275954569734433,-0.019749438626156832,-0.051270437262820365,0.01329993505589101,True
common_fixed,split121,AP_range,metaclip2_retrieval_results_combined,metaclip2_retrieval_results_text_only,-0.016970837781466155,0.01328777568683067,-0.059307997310814674,0.023706159520370168,-0.02218031041023662,0.04984793846691305,0.03025861346829682,0.001191934207264614,0.05991177940576045,False
common_fixed,split121,AP_range,metaclip2_retrieval_results_combined,metaclip2_slerp_retrieval_results_licensed,0.022072464629227025,0.020593158511972947,0.011949870404250364,0.032471544814210884,0.006273975968597158,0.037577403547564836,-0.0014793061172540768,-0.01262545609987822,0.01181014272401202,True
common_fixed,split121,AP_range,metaclip2_retrieval_results_image_only,metaclip2_retrieval_results_text_only,-0.18409872874312003,-0.13409067664866636,-0.23385098575461746,-0.1373039373010868,-0.1867847615884844,-0.08531262745787557,0.05000805209445367,0.01765583936536175,0.08168286198058246,True
common_fixed,split121,AP_range,metaclip2_retrieval_results_image_only,metaclip2_slerp_retrieval_results_licensed,-0.14505542633242682,-0.12678529382352405,-0.17208587730874897,-0.11927402723907146,-0.16147765768588138,-0.09440395085266176,0.018270132508902758,-0.006338884295961355,0.04264897681497952,True
common_fixed,split121,AP_range,metaclip2_retrieval_results_text_only,metaclip2_slerp_retrieval_results_licensed,0.039043302410693176,0.007305382825142278,-0.0025843265828617472,0.08285687988995834,-0.029272764606972642,0.04387034613987224,-0.031737919585550896,-0.05984571482663532,-0.0057754263428944136,True
common_fixed,split121,P_range,bge_vl_mllm_s1_retrieval_results_licensed,bge_vl_mllm_s1_retrieval_results_licensed_reranked,-0.02577319587628866,-0.015463917525773196,-0.05106382978723403,-0.0020618556701030924,-0.03434343434343435,0.0020833333333333307,0.010309278350515462,-0.01458333333333333,0.03636600378787875,True
common_fixed,split121,P_range,bge_vl_mllm_s1_retrieval_results_licensed,bge_vl_mllm_s2_retrieval_results_licensed,0.024742268041237112,0.027835051546391754,0.0021505376344085982,0.045918367346938785,0.007216494845360821,0.048979591836734684,0.0030927835051546408,-0.018,0.023469387755102045,True
common_fixed,split121,P_range,bge_vl_mllm_s1_retrieval_results_licensed,metaclip2_retrieval_results_combined,-0.002061855670103092,0.04536082474226803,-0.03093420906773085,0.028571428571428564,0.014736842105263161,0.077,0.04742268041237114,0.02577319587628866,0.0707070707070707,False
common_fixed,split121,P_range,bge_vl_mllm_s1_retrieval_results_licensed,metaclip2_retrieval_results_image_only,0.16391752577319588,0.16494845360824742,0.13333333333333333,0.19591939806225517,0.12726799242424242,0.20505050505050507,0.0010309278350515492,-0.02421132376395534,0.02604166666666667,True
common_fixed,split121,P_range,bge_vl_mllm_s1_retrieval_results_licensed,metaclip2_retrieval_results_text_only,-0.0020618556701030937,0.08041237113402062,-0.045835459183673474,0.040206185567010305,0.04374535891089108,0.11826948924731184,0.0824742268041237,0.052465449669967,0.11499999999999998,False
common_fixed,split121,P_range,bge_vl_mllm_s1_retrieval_results_licensed,metaclip2_slerp_retrieval_results_licensed,0.009278350515463916,0.05154639175257732,-0.01919599217986315,0.038948684210526295,0.021649484536082474,0.0824742268041237,0.04226804123711342,0.020618556701030927,0.065625,True
common_fixed,split121,P_range,bge_vl_mllm_s1_retrieval_results_licensed_reranked,bge_vl_mllm_s2_retrieval_results_licensed,0.050515463917525774,0.04329896907216494,0.025504027926960257,0.0762900454495067,0.024210526315789477,0.06382978723404255,-0.007216494845360823,-0.036458333333333336,0.02105263157894737,True
common_fixed,split121,P_range,bge_vl_mllm_s1_retrieval_results_licensed_reranked,metaclip2_retrieval_results_combined,0.023711340206185566,0.06082474226804122,-0.010638297872340429,0.05851063829787233,0.029782349109856717,0.09255515117581184,0.03711340206185568,0.0041237113402061865,0.06979166666666665,True
common_fixed,split121,P_range,bge_vl_mllm_s1_retrieval_results_licensed_reranked,metaclip2_retrieval_results_image_only,0.18969072164948456,0.18041237113402062,0.15714285714285714,0.22421052631578947,0.14148936170212767,0.2207920792079208,-0.009278350515463914,-0.042864145658263304,0.02371134020618557,True
common_fixed,split121,P_range,bge_vl_mllm_s1_retrieval_results_licensed_reranked,metaclip2_retrieval_results_text_only,0.023711340206185566,0.0958762886597938,-0.0196124387254902,0.06597938144329896,0.06185339599757428,0.1306930693069307,0.07216494845360824,0.03899868421052632,0.10808080808080807,True
common_fixed,split121,P_range,bge_vl_mllm_s1_retrieval_results_licensed_reranked,metaclip2_slerp_retrieval_results_licensed,0.03505154639175257,0.06701030927835051,0.0010413981958762807,0.06947368421052631,0.03607514921323928,0.09815068837302753,0.03195876288659794,-0.0020202020202020163,0.06471057571964949,True
common_fixed,split121,P_range,bge_vl_mllm_s2_retrieval_results_licensed,metaclip2_retrieval_results_combined,-0.026804123711340208,0.01752577319587629,-0.057583732057416265,0.0030927835051546373,-0.01382978723404255,0.049019607843137254,0.04432989690721649,0.015463917525773196,0.07340588363004773,False
common_fixed,split121,P_range,bge_vl_mllm_s2_retrieval_results_licensed,metaclip2_retrieval_results_image_only,0.13917525773195877,0.13711340206185568,0.11212121212121212,0.16842105263157894,0.10210526315789473,0.17326732673267325,-0.0020618556701030902,-0.03093420906773085,0.02680412371134021,True
common_fixed,split121,P_range,bge_vl_mllm_s2_retrieval_results_licensed,metaclip2_retrieval_results_text_only,-0.02680412371134021,0.05257731958762886,-0.06907408422899759,0.013045674132630622,0.01649484536082474,0.0891362164662349,0.07938144329896907,0.04845360824742268,0.11224489795918367,False
common_fixed,split121,P_range,bge_vl_mllm_s2_retrieval_results_licensed,metaclip2_slerp_retrieval_results_licensed,-0.015463917525773205,0.023711340206185566,-0.046315789473684206,0.015463917525773191,-0.007291666666666664,0.05416666666666667,0.03917525773195876,0.00816120387548959,0.06930693069306931,False
common_fixed,split121,P_range,metaclip2_retrieval_results_combined,metaclip2_retrieval_results_image_only,0.165979381443299,0.11958762886597937,0.13939313346228238,0.19393939393939397,0.08979591836734693,0.15000000000000002,-0.04639175257731959,-0.07553755641521599,-0.019791666666666666,True
common_fixed,split121,P_range,metaclip2_retrieval_results_combined,metaclip2_retrieval_results_text_only,5.722799096005961e-19,0.03505154639175258,-0.03541666666666666,0.033,0.010201504844361985,0.06082474226804124,0.03505154639175258,0.00833333333333334,0.06354166666666666,True
common_fixed,split121,P_range,metaclip2_retrieval_results_combined,metaclip2_slerp_retrieval_results_licensed,0.011340206185567008,0.006185567010309279,0.0010204081632653075,0.022222222222222223,-0.0032258064516129037,0.016,-0.005154639175257732,-0.015625,0.00404040404040404,True
common_fixed,split121,P_range,metaclip2_retrieval_results_image_only,metaclip2_retrieval_results_text_only,-0.165979381443299,-0.08453608247422681,-0.20400101010101013,-0.13092783505154637,-0.12164948453608249,-0.04895720108695654,0.08144329896907215,0.048979060374149654,0.11595744680851063,True
common_fixed,split121,P_range,metaclip2_retrieval_results_image_only,metaclip2_slerp_retrieval_results_licensed,-0.15463917525773196,-0.11340206185567009,-0.18144329896907213,-0.12886597938144329,-0.142557070035461,-0.08571428571428572,0.04123711340206185,0.015624999999999998,0.06701030927835051,True
common_fixed,split121,P_range,metaclip2_retrieval_results_text_only,metaclip2_slerp_retrieval_results_licensed,0.011340206185567012,-0.028865979381443294,-0.021651725683549977,0.04699999999999999,-0.056249999999999994,-0.0020403009688724043,-0.04020618556701031,-0.06923267326732672,-0.014285714285714285,False
common_fixed,other223,AP10,bge_vl_mllm_s1_retrieval_results_licensed,bge_vl_mllm_s1_retrieval_results_licensed_reranked,-0.06101772875781571,-0.04252732713544309,-0.08433314216992652,-0.0375229881175055,-0.06188022433999452,-0.023547717411669115,0.01849040162237262,0.001817030817618818,0.03529544175387471,True
common_fixed,other223,AP10,bge_vl_mllm_s1_retrieval_results_licensed,bge_vl_mllm_s2_retrieval_results_licensed,0.03509543293097991,0.033901546588113333,0.013843871107486739,0.05627088634666916,0.015282267732132924,0.05315613074537731,-0.0011938863428665872,-0.013046097896682374,0.010467509646322084,True
common_fixed,other223,AP10,bge_vl_mllm_s1_retrieval_results_licensed,metaclip2_retrieval_results_combined,0.1185848665470012,0.10245974328050036,0.08918263702320058,0.14945276340174543,0.07619867571138236,0.12960718692120016,-0.016125123266500854,-0.038529844014075165,0.004326423103611224,True
common_fixed,other223,AP10,bge_vl_mllm_s1_retrieval_results_licensed,metaclip2_retrieval_results_image_only,0.22900227916568514,0.18727444021833645,0.19533878995178738,0.2664520929927978,0.1560490184455973,0.22268959818038164,-0.04172783894734864,-0.06537813494285388,-0.021499914646345604,True
common_fixed,other223,AP10,bge_vl_mllm_s1_retrieval_results_licensed,metaclip2_retrieval_results_text_only,0.14670930441080898,0.12293939358903393,0.11327462511037255,0.1819145110291186,0.09510553062416238,0.15334190045159626,-0.023769910821775066,-0.048606875282055574,-0.000501186681731628,True
common_fixed,other223,AP10,bge_vl_mllm_s1_retrieval_results_licensed,metaclip2_slerp_retrieval_results_licensed,0.12469057714616191,0.1084228940939027,0.09521756564394059,0.15599423766369172,0.08208502558430134,0.13579861179450134,-0.016267683052259216,-0.03780267599834902,0.003061425621086983,True
common_fixed,other223,AP10,bge_vl_mllm_s1_retrieval_results_licensed_reranked,bge_vl_mllm_s2_retrieval_results_licensed,0.09611316168879562,0.07642887372355642,0.06981026577251698,0.12460858400299274,0.052495354958023016,0.10199615458738219,-0.01968428796523921,-0.03458347269960509,-0.005383299281390119,True
common_fixed,other223,AP10,bge_vl_mllm_s1_retrieval_results_licensed_reranked,metaclip2_retrieval_results_combined,0.1796025953048169,0.14498707041594344,0.15022405130686414,0.21007177191020926,0.11605562275880699,0.1737383412224621,-0.03461552488887347,-0.05433766056979258,-0.01655098195932969,True
common_fixed,other223,AP10,bge_vl_mllm_s1_retrieval_results_licensed_reranked,metaclip2_retrieval_results_image_only,0.2900200079235008,0.22980176735377955,0.25384606077315597,0.32770883750527624,0.19651559894565648,0.2658015019935631,-0.06021824056972126,-0.0867976383872423,-0.036682649085910735,True
common_fixed,other223,AP10,bge_vl_mllm_s1_retrieval_results_licensed_reranked,metaclip2_retrieval_results_text_only,0.2077270331686247,0.16546672072447702,0.17145591550402936,0.244616582111765,0.13438351159552656,0.1969170902944462,-0.042260312444147685,-0.06702116931847091,-0.018551772808017487,True
common_fixed,other223,AP10,bge_vl_mllm_s1_retrieval_results_licensed_reranked,metaclip2_slerp_retrieval_results_licensed,0.1857083059039776,0.1509502212293458,0.15661945291150126,0.2160696038954528,0.12262423934603231,0.17958609514064178,-0.03475808467463184,-0.054433923703385304,-0.01691584421163862,True
common_fixed,other223,AP10,bge_vl_mllm_s2_retrieval_results_licensed,metaclip2_retrieval_results_combined,0.0834894336160213,0.06855819669238704,0.05470232350546002,0.11303487198786057,0.04175916640978918,0.09538178242156578,-0.014931236923634262,-0.03328033688292328,0.0015788523240560474,True
common_fixed,other223,AP10,bge_vl_mllm_s2_retrieval_results_licensed,metaclip2_retrieval_results_image_only,0.19390684623470517,0.1533728936302231,0.1625329858261639,0.2286009961756404,0.12394343393669188,0.18557044196752762,-0.04053395260448206,-0.06097701047150991,-0.022525229910613204,True
common_fixed,other223,AP10,bge_vl_mllm_s2_retrieval_results_licensed,metaclip2_retrieval_results_text_only,0.1116138714798291,0.08903784700092061,0.08164994455104253,0.14244813135761672,0.06353475187406708,0.11554195141871969,-0.022576024478908482,-0.04269299920821734,-0.003295161292370174,True
common_fixed,other223,AP10,bge_vl_mllm_s2_retrieval_results_licensed,metaclip2_slerp_retrieval_results_licensed,0.089595144215182,0.07452134750578936,0.061404016269313536,0.1183787705725278,0.048178680941722146,0.10088507723222741,-0.015073796709392628,-0.032796111713576014,0.0009357938237519543,True
common_fixed,other223,AP10,metaclip2_retrieval_results_combined,metaclip2_retrieval_results_image_only,0.11041741261868393,0.08481469693783611,0.08692789503913954,0.13480505981378077,0.06451613216540457,0.10748194395278472,-0.025602715680847796,-0.04134476115019339,-0.01099373848106803,True
common_fixed,other223,AP10,metaclip2_retrieval_results_combined,metaclip2_retrieval_results_text_only,0.0281244378638078,0.020479650308533586,0.007246179418788355,0.049705400609018485,0.004749191330750661,0.036892088455389424,-0.007644787555274213,-0.021980726668953527,0.004976547214410907,True
common_fixed,other223,AP10,metaclip2_retrieval_results_combined,metaclip2_slerp_retrieval_results_licensed,0.0061057105991607005,0.005963150813402336,0.002195260167276928,0.010311183162452182,0.002207976394632523,0.009984477473753873,-0.00014255978575836452,-0.0027629795558935417,0.002200454999390739,True
common_fixed,other223,AP10,metaclip2_retrieval_results_image_only,metaclip2_retrieval_results_text_only,-0.0822929747548761,-0.06433504662930253,-0.1127728261930478,-0.05352429221275372,-0.08973936188222505,-0.04067592231066372,0.017957928125573577,0.002633992239649691,0.03496427361761876,True
common_fixed,other223,AP10,metaclip2_retrieval_results_image_only,metaclip2_slerp_retrieval_results_licensed,-0.10431170201952318,-0.07885154612443379,-0.1273320775817006,-0.08272840962982367,-0.09962156854992757,-0.06031634755618439,0.02546015589508943,0.011318251641223532,0.04080430596042515,True
common_fixed,other223,AP10,metaclip2_retrieval_results_text_only,metaclip2_slerp_retrieval_results_licensed,-0.022018727264647098,-0.014516499495131249,-0.044119903458755154,-0.00022008568206470413,-0.031686276546994484,0.002303751563069923,0.00750222776951585,-0.005110895501539565,0.021509273181641846,True
common_fixed,other223,P10,bge_vl_mllm_s1_retrieval_results_licensed,bge_vl_mllm_s1_retrieval_results_licensed_reranked,-0.04713193116634799,-0.03489483747609943,-0.06149444829338136,-0.03365930410509892,-0.0474221543144265,-0.022792947340576117,0.012237093690248566,0.005333206470028543,0.02007437572045731,True
common_fixed,other223,P10,bge_vl_mllm_s1_retrieval_results_licensed,bge_vl_mllm_s2_retrieval_results_licensed,0.015583173996175918,0.014435946462715113,0.0013455500472143672,0.0309617718446602,0.0016313608353460938,0.028171725579249247,-0.0011472275334608046,-0.006370810251245036,0.004427604355535432,True
common_fixed,other223,P10,bge_vl_mllm_s1_retrieval_results_licensed,metaclip2_retrieval_results_combined,0.06835564053537285,0.06367112810707456,0.04547836538461538,0.09212927536958293,0.04182232650287693,0.0866096866096866,-0.00468451242829828,-0.013365524952919022,0.0037464877521613802,True
common_fixed,other223,P10,bge_vl_mllm_s1_retrieval_results_licensed,metaclip2_retrieval_results_image_only,0.1786806883365201,0.15401529636711284,0.1464180494447936,0.21073342427734784,0.12415397513670542,0.18531888967128146,-0.024665391969407265,-0.03847710094619563,-0.011680911680911685,True
common_fixed,other223,P10,bge_vl_mllm_s1_retrieval_results_licensed,metaclip2_retrieval_results_text_only,0.12418738049713193,0.1064053537284895,0.09971206439372926,0.149218882297198,0.08294455679137175,0.1309461554158524,-0.017782026768642444,-0.02866827203466783,-0.008003019421354299,True
common_fixed,other223,P10,bge_vl_mllm_s1_retrieval_results_licensed,metaclip2_slerp_retrieval_results_licensed,0.06357552581261951,0.060038240917782024,0.04107773517967498,0.08717213720758298,0.03876835684100549,0.08269689628148798,-0.0035372848948374766,-0.012130045622722341,0.004941100381428682,True
common_fixed,other223,P10,bge_vl_mllm_s1_retrieval_results_licensed_reranked,bge_vl_mllm_s2_retrieval_results_licensed,0.0627151051625239,0.04933078393881454,0.04441180260365,0.08220109361114067,0.03231199016062569,0.06758673380356718,-0.01338432122370937,-0.022136460131902964,-0.005772307535739735,True
common_fixed,other223,P10,bge_vl_mllm_s1_retrieval_results_licensed_reranked,metaclip2_retrieval_results_combined,0.11548757170172085,0.09856596558317399,0.09232103619129686,0.13981209296267352,0.07582715454220364,0.12303263173834039,-0.016921606118546845,-0.026415139651641203,-0.00900288048224634,True
common_fixed,other223,P10,bge_vl_mllm_s1_retrieval_results_licensed_reranked,metaclip2_retrieval_results_image_only,0.22581261950286807,0.18891013384321226,0.1917829131652661,0.26218847803460726,0.1570029015934842,0.22369765061685137,-0.036902485659655836,-0.05424650533628863,-0.02142477203647422,True
common_fixed,other223,P10,bge_vl_mllm_s1_retrieval_results_licensed_reranked,metaclip2_retrieval_results_text_only,0.1713193116634799,0.14130019120458892,0.14451659999542824,0.19970994095490174,0.11530834819693125,0.16919404953912848,-0.030019120458891012,-0.043660764113157766,-0.018034073761761055,True
common_fixed,other223,P10,bge_vl_mllm_s1_retrieval_results_licensed_reranked,metaclip2_slerp_retrieval_results_licensed,0.1107074569789675,0.09493307839388146,0.08820125968199928,0.134436774133244,0.07221516135744722,0.11861392761582876,-0.01577437858508604,-0.025001163873370577,-0.00817442481244076,True
common_fixed,other223,P10,bge_vl_mllm_s2_retrieval_results_licensed,metaclip2_retrieval_results_combined,0.05277246653919692,0.04923518164435946,0.030018760026910927,0.07715172609218376,0.027386463112669825,0.07178157427838734,-0.0035372848948374736,-0.013750061394891941,0.005943421100236981,True
common_fixed,other223,P10,bge_vl_mllm_s2_retrieval_results_licensed,metaclip2_retrieval_results_image_only,0.16309751434034414,0.13957934990439771,0.13300360053622481,0.1937576360657893,0.11083341652743427,0.16924695213018992,-0.02351816443594646,-0.03697823742322316,-0.011508779452920474,True
common_fixed,other223,P10,bge_vl_mllm_s2_retrieval_results_licensed,metaclip2_retrieval_results_text_only,0.10860420650095602,0.09196940726577436,0.08529999516441007,0.13297666889724716,0.0699305171456931,0.11457879757008724,-0.016634799235181644,-0.028393122140563186,-0.006327776710402125,True
common_fixed,other223,P10,bge_vl_mllm_s2_retrieval_results_licensed,metaclip2_slerp_retrieval_results_licensed,0.04799235181644359,0.045602294455066916,0.02533779041570966,0.07222472353870453,0.024314848355540174,0.06783723209777831,-0.0023900573613766705,-0.012573087927143777,0.007289818286185802,True
common_fixed,other223,P10,metaclip2_retrieval_results_combined,metaclip2_retrieval_results_image_only,0.11032504780114723,0.09034416826003824,0.0855787020143045,0.13509679878048778,0.0685522395588737,0.11320513651764133,-0.019980879541108984,-0.03326946672846201,-0.007881978188100644,True
common_fixed,other223,P10,metaclip2_retrieval_results_combined,metaclip2_retrieval_results_text_only,0.05583173996175909,0.04273422562141491,0.040913491920195,0.07175356433009371,0.029090822675423435,0.05760721120467926,-0.013097514340344167,-0.02122971723418423,-0.006056573774283086,True
common_fixed,other223,P10,metaclip2_retrieval_results_combined,metaclip2_slerp_retrieval_results_licensed,-0.004780114722753348,-0.0036328871892925443,-0.008453410182516812,-0.0011729347807446307,-0.007082210866762898,-0.00019156172391816083,0.0011472275334608033,-0.0001925020627541316,0.002639026702524317,True
common_fixed,other223,P10,metaclip2_retrieval_results_image_only,metaclip2_retrieval_results_text_only,-0.05449330783938815,-0.04760994263862332,-0.08241917239873348,-0.026758216709075508,-0.07267561196085219,-0.023632609162046507,0.0068833652007648195,-0.0047487095609320875,0.01848592758718228,True
common_fixed,other223,P10,metaclip2_retrieval_results_image_only,metaclip2_slerp_retrieval_results_licensed,-0.11510516252390057,-0.09397705544933077,-0.13903917638483967,-0.09125438796742613,-0.11599315733416174,-0.07358070736480359,0.02112810707456979,0.009039010466222647,0.03456325526152407,True
common_fixed,other223,P10,metaclip2_retrieval_results_text_only,metaclip2_slerp_retrieval_results_licensed,-0.06061185468451243,-0.046367112810707455,-0.07812228961437218,-0.043784800648023446,-0.06314780159237933,-0.031014154730215075,0.014244741873804973,0.006392928245774532,0.023195983473790458,True
common_fixed,other223,AP_range,bge_vl_mllm_s1_retrieval_results_licensed,bge_vl_mllm_s1_retrieval_results_licensed_reranked,-0.044875916043301094,-0.04936917902537772,-0.08077253712300962,-0.008692391012000403,-0.08139912554660822,-0.019545655136682827,-0.004493262982076617,-0.030547590245921703,0.020359686617719152,True
common_fixed,other223,AP_range,bge_vl_mllm_s1_retrieval_results_licensed,bge_vl_mllm_s2_retrieval_results_licensed,0.02371539723807787,0.02421632866641761,-0.0011158480309725225,0.048989632560053294,0.0026055582088862126,0.04603698576694337,0.0005009314283397479,-0.01455864600677807,0.014606927314275877,True
common_fixed,other223,AP_range,bge_vl_mllm_s1_retrieval_results_licensed,metaclip2_retrieval_results_combined,0.04537701670706596,0.03979293638485619,0.012420193753213127,0.07616977499988968,0.009658832559870382,0.06799562264343721,-0.005584080322209768,-0.027442756287930532,0.016636280315527763,True
common_fixed,other223,AP_range,bge_vl_mllm_s1_retrieval_results_licensed,metaclip2_retrieval_results_image_only,0.23126064463673932,0.19684524352525173,0.20129985096788747,0.26272679614490013,0.166835262217907,0.22726818991446668,-0.03441540111148759,-0.05567791096314356,-0.01586568616910366,True
common_fixed,other223,AP_range,bge_vl_mllm_s1_retrieval_results_licensed,metaclip2_retrieval_results_text_only,-0.006278149190710759,0.0015123221489532388,-0.047216226725673924,0.03294149883960364,-0.03546527810234788,0.037371916879843314,0.007790471339664005,-0.014390941417076088,0.03101444172023969,False
common_fixed,other223,AP_range,bge_vl_mllm_s1_retrieval_results_licensed,metaclip2_slerp_retrieval_results_licensed,0.06582256471128255,0.058813732070094965,0.03317675645465494,0.09739798521635157,0.030236656706727275,0.08645782621311232,-0.007008832641187595,-0.027581901504290938,0.01466689025854125,True
common_fixed,other223,AP_range,bge_vl_mllm_s1_retrieval_results_licensed_reranked,bge_vl_mllm_s2_retrieval_results_licensed,0.06859131328137896,0.07358550769179532,0.03551118309572278,0.10149329805677058,0.04210376423322012,0.10685340983013839,0.004994194410416363,-0.01761255336683144,0.028526689789174005,True
common_fixed,other223,AP_range,bge_vl_mllm_s1_retrieval_results_licensed_reranked,metaclip2_retrieval_results_combined,0.09025293275036705,0.08916211541023389,0.05546585978466501,0.12499276945822113,0.05675540542865772,0.12283557464076938,-0.0010908173401331502,-0.024393542397876746,0.0227929791916766,True
common_fixed,other223,AP_range,bge_vl_mllm_s1_retrieval_results_licensed_reranked,metaclip2_retrieval_results_image_only,0.27613656068004044,0.24621442255062947,0.24211801072965874,0.3104522075087157,0.21177906509170477,0.28177450475735866,-0.029922138129410972,-0.05517010171325928,-0.005869088140175784,True
common_fixed,other223,AP_range,bge_vl_mllm_s1_retrieval_results_licensed_reranked,metaclip2_retrieval_results_text_only,0.03859776685259033,0.05088150117433095,-0.009912993472528888,0.08563028397863236,0.008185381978946407,0.09348406329378849,0.01228373432174062,-0.012704987482858995,0.039089567884330975,True
common_fixed,other223,AP_range,bge_vl_mllm_s1_retrieval_results_licensed_reranked,metaclip2_slerp_retrieval_results_licensed,0.11069848075458366,0.10818291109547266,0.07692983033152835,0.14487933223439586,0.07753682221661362,0.14041873571689362,-0.0025155696591109863,-0.026826384074135914,0.022483422282113755,True
common_fixed,other223,AP_range,bge_vl_mllm_s2_retrieval_results_licensed,metaclip2_retrieval_results_combined,0.02166161946898809,0.015576607718438577,-0.010499033543031278,0.054164728535272634,-0.014435667426342036,0.04648203147216138,-0.006085011750549516,-0.022588791650054403,0.011214864556933884,True
common_fixed,other223,AP_range,bge_vl_mllm_s2_retrieval_results_licensed,metaclip2_retrieval_results_image_only,0.20754524739866148,0.1726289148588341,0.17976058644458945,0.23650293685701557,0.14450579113809187,0.2013507254748246,-0.034916332539827344,-0.051695050918901427,-0.020429058403494134,True
common_fixed,other223,AP_range,bge_vl_mllm_s2_retrieval_results_licensed,metaclip2_retrieval_results_text_only,-0.029993546428788643,-0.022704006517464376,-0.07151787743999716,0.010957940601319272,-0.058612631898432965,0.013995064980585366,0.0072895399113242585,-0.013910508039057622,0.030408751843984862,True
common_fixed,other223,AP_range,bge_vl_mllm_s2_retrieval_results_licensed,metaclip2_slerp_retrieval_results_licensed,0.042107167473204685,0.03459740340367733,0.01120102335852831,0.0742834300803134,0.005987678137887911,0.06381697832912674,-0.007509764069527345,-0.023933106481744328,0.009780968275497036,True
common_fixed,other223,AP_range,metaclip2_retrieval_results_combined,metaclip2_retrieval_results_image_only,0.18588362792967336,0.15705230714039556,0.160076200995411,0.21457015870221557,0.13252404451926028,0.18481685448722887,-0.028831320789277824,-0.04849308228791432,-0.01214482235985146,True
common_fixed,other223,AP_range,metaclip2_retrieval_results_combined,metaclip2_retrieval_results_text_only,-0.051655165897776724,-0.038280614235902954,-0.08038198190519594,-0.024421862241423124,-0.06197168524733851,-0.016125246735901235,0.013374551661873773,-0.0024253517363786144,0.030917172407277087,True
common_fixed,other223,AP_range,metaclip2_retrieval_results_combined,metaclip2_slerp_retrieval_results_licensed,0.020445548004216586,0.019020795685238758,0.011039677272809672,0.030762999765107917,0.009646224545864925,0.029704873101105703,-0.0014247523189778273,-0.006501917053547426,0.0034325440418896077,True
common_fixed,other223,AP_range,metaclip2_retrieval_results_image_only,metaclip2_retrieval_results_text_only,-0.2375387938274501,-0.1953329213762985,-0.27900986768602104,-0.19933582192797758,-0.2331159383794321,-0.1598446594474615,0.042205872451151594,0.019154899075381045,0.06823521807623317,True
common_fixed,other223,AP_range,metaclip2_retrieval_results_image_only,metaclip2_slerp_retrieval_results_licensed,-0.16543807992545678,-0.13803151145515677,-0.1915872279129834,-0.1416105384122021,-0.1618304301786497,-0.1159589850000847,0.0274065684703,0.011965093336142105,0.04575468517535214,True
common_fixed,other223,AP_range,metaclip2_retrieval_results_text_only,metaclip2_slerp_retrieval_results_licensed,0.07210071390199332,0.057301409921141716,0.04069848548655381,0.10472520419982799,0.031272481061553406,0.08479505088194278,-0.014799303980851606,-0.03362789509543236,0.00191044155759485,True
common_fixed,other223,P_range,bge_vl_mllm_s1_retrieval_results_licensed,bge_vl_mllm_s1_retrieval_results_licensed_reranked,-0.010919540229885059,-0.009770114942528739,-0.03197674418604651,0.010440199335548161,-0.029885057471264374,0.009883720930232551,0.0011494252873563216,-0.00755813953488372,0.009826589595375721,True
common_fixed,other223,P_range,bge_vl_mllm_s1_retrieval_results_licensed,bge_vl_mllm_s2_retrieval_results_licensed,0.017816091954022988,0.014367816091954021,-0.000578034682080927,0.03583815028901734,-0.0028571428571428597,0.032183908045977004,-0.0034482758620689685,-0.0116296069631443,0.004571428571428568,True
common_fixed,other223,P_range,bge_vl_mllm_s1_retrieval_results_licensed,metaclip2_retrieval_results_combined,-0.004597701149425285,-0.005172413793103451,-0.028,0.017818666533785096,-0.026164458635150597,0.015206914344685204,-0.0005747126436781646,-0.010674157303370787,0.011048126614987053,True
common_fixed,other223,P_range,bge_vl_mllm_s1_retrieval_results_licensed,metaclip2_retrieval_results_image_only,0.17298850574712646,0.1471264367816092,0.1499931693989071,0.19651213200699016,0.12267252989094732,0.17191011235955056,-0.02586206896551724,-0.03678312159709619,-0.015787995269071577,True
common_fixed,other223,P_range,bge_vl_mllm_s1_retrieval_results_licensed,metaclip2_retrieval_results_text_only,-0.03218390804597701,-0.024137931034482755,-0.06300734038360482,-0.001691343582887893,-0.05114975942261429,0.0028575533661740473,0.00804597701149425,-0.005714285714285714,0.02265249582423229,True
common_fixed,other223,P_range,bge_vl_mllm_s1_retrieval_results_licensed,metaclip2_slerp_retrieval_results_licensed,0.0022988505747126393,0.003448275862068961,-0.019540229885057478,0.023297863503455567,-0.016292134831460678,0.02267441860465116,0.001149425287356321,-0.008722205222358224,0.012499999999999997,True
common_fixed,other223,P_range,bge_vl_mllm_s1_retrieval_results_licensed_reranked,bge_vl_mllm_s2_retrieval_results_licensed,0.028735632183908053,0.02413793103448276,0.005881492948056423,0.05113636363636364,0.0023388412892696876,0.04519774011299435,-0.004597701149425289,-0.012790697674418606,0.0035782967032965997,True
common_fixed,other223,P_range,bge_vl_mllm_s1_retrieval_results_licensed_reranked,metaclip2_retrieval_results_combined,0.006321839080459771,0.0045977011494252856,-0.019653422744690528,0.03125363372093018,-0.018646716101694917,0.028250465366905033,-0.001724137931034484,-0.01345029239766082,0.010465116279069766,True
common_fixed,other223,P_range,bge_vl_mllm_s1_retrieval_results_licensed_reranked,metaclip2_retrieval_results_image_only,0.1839080459770115,0.15689655172413794,0.1605532945736434,0.208,0.13294117647058826,0.1825861369097876,-0.027011494252873563,-0.03872921673053193,-0.01590909090909091,True
common_fixed,other223,P_range,bge_vl_mllm_s1_retrieval_results_licensed_reranked,metaclip2_retrieval_results_text_only,-0.021264367816091954,-0.014367816091954023,-0.05311007037367429,0.01000568181818174,-0.042372881355932195,0.013714285714285712,0.006896551724137929,-0.0063583815028901754,0.02189349112426035,True
common_fixed,other223,P_range,bge_vl_mllm_s1_retrieval_results_licensed_reranked,metaclip2_slerp_retrieval_results_licensed,0.013218390804597696,0.013218390804597696,-0.00988372093023256,0.03599999999999999,-0.008235294117647058,0.034483262754587615,-6.380592095546877e-19,-0.010930304178906471,0.011560693641618497,True
common_fixed,other223,P_range,bge_vl_mllm_s2_retrieval_results_licensed,metaclip2_retrieval_results_combined,-0.022413793103448276,-0.019540229885057474,-0.04858757062146892,0.0028409090909090884,-0.04254298930988264,0.0034290640394088554,0.0028735632183908046,-0.007471264367816091,0.013691071428571419,True
common_fixed,other223,P_range,bge_vl_mllm_s2_retrieval_results_licensed,metaclip2_retrieval_results_image_only,0.15517241379310345,0.1327586206896552,0.13391787658802176,0.17701267748478702,0.1115606936416185,0.15449565883554645,-0.02241379310344828,-0.03313953488372093,-0.012790374677002584,True
common_fixed,other223,P_range,bge_vl_mllm_s2_retrieval_results_licensed,metaclip2_retrieval_results_text_only,-0.05000000000000002,-0.03850574712643678,-0.08255879278808466,-0.017814476637420956,-0.06705202312138728,-0.010465116279069767,0.011494252873563218,-0.0017045454545454516,0.02556818181818182,True
common_fixed,other223,P_range,bge_vl_mllm_s2_retrieval_results_licensed,metaclip2_slerp_retrieval_results_licensed,-0.015517241379310343,-0.01091954022988506,-0.039535212192878734,0.007428571428571422,-0.03163841807909605,0.009883720930232555,0.00459770114942529,-0.004678362573099413,0.014619883040935672,True
common_fixed,other223,P_range,metaclip2_retrieval_results_combined,metaclip2_retrieval_results_image_only,0.17758620689655175,0.15229885057471265,0.15348837209302324,0.203448275862069,0.128,0.17821412609736634,-0.025287356321839077,-0.036996330453984545,-0.015168539325842698,True
common_fixed,other223,P_range,metaclip2_retrieval_results_combined,metaclip2_retrieval_results_text_only,-0.027586206896551717,-0.01896551724137931,-0.05113669017763846,-0.005262392900856799,-0.03842027079680499,1.3812154695936463e-05,0.008620689655172414,-0.002857142857142856,0.021178668018931677,True
common_fixed,other223,P_range,metaclip2_retrieval_results_combined,metaclip2_slerp_retrieval_results_licensed,0.006896551724137927,0.008620689655172414,-0.0033717441266598583,0.016860465116279068,-1.2552144316816209e-18,0.01744297242343371,0.001724137931034485,-0.0028409090909090867,0.0065476190476190495,True
common_fixed,other223,P_range,metaclip2_retrieval_results_image_only,metaclip2_retrieval_results_text_only,-0.20517241379310347,-0.17126436781609194,-0.23779225791617398,-0.1732558139534884,-0.2022733803552769,-0.14127906976744184,0.0339080459770115,0.019428571428571427,0.050588235294117635,True
common_fixed,other223,P_range,metaclip2_retrieval_results_image_only,metaclip2_slerp_retrieval_results_licensed,-0.1706896551724138,-0.14367816091954025,-0.1936055753461487,-0.14829545454545456,-0.16685714285714287,-0.12138630902123791,0.027011494252873563,0.016666666666666666,0.03859649122807018,True
common_fixed,other223,P_range,metaclip2_retrieval_results_text_only,metaclip2_slerp_retrieval_results_licensed,0.03448275862068965,0.027586206896551717,0.009999999999999995,0.058428280438925,0.006936416184971094,0.04827635188087773,-0.006896551724137929,-0.01943136288998358,0.005056893924966665,True
