domain,stratum,metric,a,b,old_difference,new_difference,old_ci_low,old_ci_high,new_ci_low,new_ci_high,difference_change,change_ci_low,change_ci_high,point_sign_preserved
current_fixed,all344,AP10,bge_vl_mllm_s1_retrieval_results_licensed,bge_vl_mllm_s1_retrieval_results_licensed_reranked,-0.042771136382887986,-0.02263895930248022,-0.06119904693650321,-0.024356634170220035,-0.03808874621368,-0.007128744928242169,0.020132177080407765,0.009813153258914128,0.030696767699518922,True
current_fixed,all344,AP10,bge_vl_mllm_s1_retrieval_results_licensed,bge_vl_mllm_s2_retrieval_results_licensed,0.02206453019328783,0.02142764483089246,0.008474859241045796,0.03650311792174398,0.010279444750937401,0.03294696807598507,-0.0006368853623953674,-0.008729534487084141,0.007553326104971251,True
current_fixed,all344,AP10,bge_vl_mllm_s1_retrieval_results_licensed,metaclip2_retrieval_results_combined,0.11759230815180641,0.0958186300717216,0.09592214638945247,0.13993555419834944,0.07793470209433781,0.11453938184433674,-0.021773678080084805,-0.03396714899541459,-0.009882937879034754,True
current_fixed,all344,AP10,bge_vl_mllm_s1_retrieval_results_licensed,metaclip2_retrieval_results_image_only,0.19768526102099976,0.14940378085892594,0.17349625347159173,0.22288257181961804,0.12853732632481552,0.17154532814774448,-0.048281480162073814,-0.06322890901421878,-0.03378805527360368,True
current_fixed,all344,AP10,bge_vl_mllm_s1_retrieval_results_licensed,metaclip2_retrieval_results_text_only,0.16059898447484983,0.129332741000646,0.1369914730775317,0.1854072509841245,0.10897461426015294,0.15067308013160668,-0.031266243474203814,-0.044705924220676686,-0.018120985233955698,True
current_fixed,all344,AP10,bge_vl_mllm_s1_retrieval_results_licensed,metaclip2_slerp_retrieval_results_licensed,0.1184445470449546,0.09617760842668896,0.09702481481470884,0.14075337230081866,0.07845425879993649,0.11482035541252456,-0.022266938618265647,-0.03436830177845425,-0.010382562520867264,True
current_fixed,all344,AP10,bge_vl_mllm_s1_retrieval_results_licensed_reranked,bge_vl_mllm_s2_retrieval_results_licensed,0.06483566657617582,0.04406660413337268,0.046448703673465215,0.08442146985987085,0.02832821290189124,0.06086724521080871,-0.020769062442803132,-0.0312802263125477,-0.011297796089044599,True
current_fixed,all344,AP10,bge_vl_mllm_s1_retrieval_results_licensed_reranked,metaclip2_retrieval_results_combined,0.1603634445346944,0.11845758937420182,0.140047053646381,0.18265596299492365,0.10061881089487605,0.13767136534617946,-0.04190585516049257,-0.05473273580095875,-0.03009725516993564,True
current_fixed,all344,AP10,bge_vl_mllm_s1_retrieval_results_licensed_reranked,metaclip2_retrieval_results_image_only,0.24045639740388774,0.17204274016140617,0.21563460861454573,0.26559385897797644,0.15132906466057872,0.1943926127421896,-0.06841365724248158,-0.08591617465766857,-0.05211202356184492,True
current_fixed,all344,AP10,bge_vl_mllm_s1_retrieval_results_licensed_reranked,metaclip2_retrieval_results_text_only,0.2033701208577378,0.15197170030312623,0.17985879259707954,0.22770244183132504,0.13204564000656135,0.17364178373313016,-0.05139842055461158,-0.06676345852936644,-0.037058190211809956,True
current_fixed,all344,AP10,bge_vl_mllm_s1_retrieval_results_licensed_reranked,metaclip2_slerp_retrieval_results_licensed,0.1612156834278426,0.11881656772916918,0.14071161938241677,0.18334645778355227,0.10126632287482056,0.13831477616006566,-0.04239911569867341,-0.05510066010727812,-0.03049428388232601,True
current_fixed,all344,AP10,bge_vl_mllm_s2_retrieval_results_licensed,metaclip2_retrieval_results_combined,0.09552777795851858,0.07439098524082914,0.07438715732306758,0.11674484618026383,0.05691945826922159,0.09277484562552651,-0.021136792717689437,-0.032831118638121104,-0.010415363121012971,True
current_fixed,all344,AP10,bge_vl_mllm_s2_retrieval_results_licensed,metaclip2_retrieval_results_image_only,0.17562073082771196,0.12797613602803348,0.1532627442740982,0.19783269108049378,0.10866032147162571,0.14772132457082515,-0.047644594799678475,-0.061987201353662064,-0.03439429732451442,True
current_fixed,all344,AP10,bge_vl_mllm_s2_retrieval_results_licensed,metaclip2_retrieval_results_text_only,0.13853445428156197,0.10790509616975355,0.1155850096974991,0.16091002273537924,0.08870945121517705,0.1267769606433305,-0.03062935811180842,-0.043738520105230404,-0.018331133745746447,True
current_fixed,all344,AP10,bge_vl_mllm_s2_retrieval_results_licensed,metaclip2_slerp_retrieval_results_licensed,0.09638001685166678,0.0747499635957965,0.07560975393420183,0.11707338038675198,0.05782326157883694,0.09268049359367767,-0.02163005325587028,-0.03339724896588698,-0.010882769258037236,True
current_fixed,all344,AP10,metaclip2_retrieval_results_combined,metaclip2_retrieval_results_image_only,0.08009295286919337,0.053585150787204334,0.0645872386004568,0.09646452672347056,0.04103530444559128,0.06707433665990803,-0.02650780208198903,-0.03626090876299563,-0.017414065611707805,True
current_fixed,all344,AP10,metaclip2_retrieval_results_combined,metaclip2_retrieval_results_text_only,0.043006676323043405,0.03351411092892441,0.029190884969424933,0.05761427809328167,0.023402632257197575,0.044508535215329194,-0.009492565394118996,-0.017706144950177336,-0.0018901734779889453,True
current_fixed,all344,AP10,metaclip2_retrieval_results_combined,metaclip2_slerp_retrieval_results_licensed,0.0008522388931481995,0.00035897835496735697,-0.0022565157656292043,0.004068236452806012,-0.0021648107002046352,0.0029589216201749155,-0.0004932605381808425,-0.0018167121101126786,0.0007915242269894581,True
current_fixed,all344,AP10,metaclip2_retrieval_results_image_only,metaclip2_retrieval_results_text_only,-0.03708627654614996,-0.020071039858279925,-0.0567643017794838,-0.017272778550506705,-0.03536670488912681,-0.004643239279185598,0.017015236687870035,0.007540973165718321,0.02754009320871462,True
current_fixed,all344,AP10,metaclip2_retrieval_results_image_only,metaclip2_slerp_retrieval_results_licensed,-0.07924071397604517,-0.05322617243223698,-0.09415257408619856,-0.06473587266684218,-0.06546775886479862,-0.04168701762086639,0.026014541543808188,0.017415565162008304,0.03526375623603459,True
current_fixed,all344,AP10,metaclip2_retrieval_results_text_only,metaclip2_slerp_retrieval_results_licensed,-0.042154437429895206,-0.03315513257395705,-0.05756009361746188,-0.027609224363178204,-0.044743663675389136,-0.02217078181571872,0.008999304855938153,0.0009945627783505037,0.01721170043988344,True
current_fixed,all344,P10,bge_vl_mllm_s1_retrieval_results_licensed,bge_vl_mllm_s1_retrieval_results_licensed_reranked,-0.03859397417503571,-0.028598756575800938,-0.048367438120928447,-0.02884463892797217,-0.0373436599640415,-0.020027805307960184,0.009995217599234774,0.005324156686555003,0.015143316760814256,True
current_fixed,all344,P10,bge_vl_mllm_s1_retrieval_results_licensed,bge_vl_mllm_s2_retrieval_results_licensed,0.0036824485891918113,0.003969392635102792,-0.005876756737934334,0.013739820245012873,-0.004724638320789618,0.013039575620458092,0.00028694404591098066,-0.0032350527658662016,0.0035922616998323603,True
current_fixed,all344,P10,bge_vl_mllm_s1_retrieval_results_licensed,metaclip2_retrieval_results_combined,0.06771879483500748,0.05705404112864673,0.05305007783665326,0.08231775705058075,0.043546793291227286,0.07054799662670384,-0.010664753706360747,-0.016222932737968702,-0.005292886341592255,True
current_fixed,all344,P10,bge_vl_mllm_s1_retrieval_results_licensed,metaclip2_retrieval_results_image_only,0.14395026303204245,0.11793400286944065,0.12292398983714702,0.16466541157256118,0.1003627804002259,0.1363863208038642,-0.026016260162601793,-0.03479888639871802,-0.01749590261611152,True
current_fixed,all344,P10,bge_vl_mllm_s1_retrieval_results_licensed,metaclip2_retrieval_results_text_only,0.1335724533715928,0.10994739359158305,0.11797319657434968,0.1496172716677467,0.09582937917986424,0.12481312355407745,-0.02362505978000974,-0.030325420052944616,-0.017033419694531995,True
current_fixed,all344,P10,bge_vl_mllm_s1_retrieval_results_licensed,metaclip2_slerp_retrieval_results_licensed,0.06044954567192756,0.0513629842180775,0.04580043516544302,0.07531799251994341,0.03804578433320944,0.06487316642114399,-0.009086561453850062,-0.014618269486565711,-0.0036371364377344156,True
current_fixed,all344,P10,bge_vl_mllm_s1_retrieval_results_licensed_reranked,bge_vl_mllm_s2_retrieval_results_licensed,0.04227642276422752,0.03256814921090373,0.030635037270053914,0.05473385656896282,0.02224298858671126,0.04319337297412734,-0.009708273553323793,-0.015650611272916354,-0.004464530603966405,True
current_fixed,all344,P10,bge_vl_mllm_s1_retrieval_results_licensed_reranked,metaclip2_retrieval_results_combined,0.10631276901004319,0.08565279770444767,0.09119239062444727,0.12221819722877367,0.0718654744972837,0.10019611747835894,-0.02065997130559552,-0.02702176360225159,-0.014631059906380087,True
current_fixed,all344,P10,bge_vl_mllm_s1_retrieval_results_licensed_reranked,metaclip2_retrieval_results_image_only,0.18254423720707816,0.14653275944524158,0.16031925517160325,0.20500761248768318,0.1276033937772471,0.16605753324188133,-0.03601147776183658,-0.04685571859703667,-0.02583447658541779,True
current_fixed,all344,P10,bge_vl_mllm_s1_retrieval_results_licensed_reranked,metaclip2_retrieval_results_text_only,0.17216642754662848,0.13854615016738397,0.15485445122541894,0.189719341440971,0.12254010678852449,0.155639342324249,-0.0336202773792445,-0.042324697240902126,-0.02545524236453964,True
current_fixed,all344,P10,bge_vl_mllm_s1_retrieval_results_licensed_reranked,metaclip2_slerp_retrieval_results_licensed,0.09904351984696327,0.07996174079387844,0.08419709138442391,0.1146927063900649,0.06671437563842629,0.09412061511541053,-0.019081779053084835,-0.025308321169153422,-0.01311116613181659,True
current_fixed,all344,P10,bge_vl_mllm_s2_retrieval_results_licensed,metaclip2_retrieval_results_combined,0.06403634624581567,0.05308464849354394,0.049246469342336535,0.07847151927032107,0.0397064105601392,0.06613231446629848,-0.010951697752271727,-0.017024539501087434,-0.004720407606762775,True
current_fixed,all344,P10,bge_vl_mllm_s2_retrieval_results_licensed,metaclip2_retrieval_results_image_only,0.14026781444285064,0.11396461023433786,0.12054153999791314,0.1593860466037886,0.09731319210399625,0.13106147255831574,-0.026303204208512773,-0.034673536030320154,-0.01811859787327449,True
current_fixed,all344,P10,bge_vl_mllm_s2_retrieval_results_licensed,metaclip2_retrieval_results_text_only,0.12989000478240098,0.10597800095648026,0.11400948281688236,0.1454888479588232,0.09133667238929928,0.1204904155762315,-0.023912003825920722,-0.031197157658043758,-0.016706611488419378,True
current_fixed,all344,P10,bge_vl_mllm_s2_retrieval_results_licensed,metaclip2_slerp_retrieval_results_licensed,0.05676709708273575,0.04739359158297471,0.0420944842415248,0.07132766867465387,0.0340036691222174,0.06030663932587829,-0.009373505499761042,-0.015392567341921595,-0.0033146205285659747,True
current_fixed,all344,P10,metaclip2_retrieval_results_combined,metaclip2_retrieval_results_image_only,0.07623146819703497,0.06087996174079392,0.06005546332159364,0.09248898345043578,0.04771958543955265,0.07440431214044503,-0.015351506456241046,-0.022866763130139627,-0.007936543995239496,True
current_fixed,all344,P10,metaclip2_retrieval_results_combined,metaclip2_retrieval_results_text_only,0.0658536585365853,0.05289335246293632,0.05544440513740047,0.07689101227471076,0.04345088421687532,0.06282235091495657,-0.01296030607364898,-0.017633233379459802,-0.008676789636433552,True
current_fixed,all344,P10,metaclip2_retrieval_results_combined,metaclip2_slerp_retrieval_results_licensed,-0.007269249163079916,-0.005691056910569231,-0.009773755656108607,-0.004741322568132109,-0.007949593049079528,-0.0034367459751167054,0.001578192252510685,0.0005311315636907204,0.002663563504834385,True
current_fixed,all344,P10,metaclip2_retrieval_results_image_only,metaclip2_retrieval_results_text_only,-0.010377809660449669,-0.007986609277857604,-0.028470116963821,0.007860046872354799,-0.022929544936735845,0.007468277913200795,0.0023912003825920652,-0.005601055480411156,0.010118899831437897,True
current_fixed,all344,P10,metaclip2_retrieval_results_image_only,metaclip2_slerp_retrieval_results_licensed,-0.08350071736011488,-0.06657101865136315,-0.09931243611084671,-0.06785642789852633,-0.07989346771036637,-0.05366845310121762,0.01692969870875173,0.009461398111291975,0.024548218905188733,True
current_fixed,all344,P10,metaclip2_retrieval_results_text_only,metaclip2_slerp_retrieval_results_licensed,-0.07312290769966522,-0.05858440937350555,-0.08522175484368828,-0.061552945465551345,-0.06960696589283906,-0.04792666163718481,0.014538498326159666,0.009754899233723236,0.019802225393416015,True
current_fixed,all344,AP_range,bge_vl_mllm_s1_retrieval_results_licensed,bge_vl_mllm_s1_retrieval_results_licensed_reranked,-0.05988081001672865,-0.041638591617741055,-0.08460196335651873,-0.0351636394924059,-0.06179112706621792,-0.02181486200392332,0.018242218398987597,0.0016539636502374935,0.035534744281857836,True
current_fixed,all344,AP_range,bge_vl_mllm_s1_retrieval_results_licensed,bge_vl_mllm_s2_retrieval_results_licensed,0.02362611886378152,0.02655849320240583,0.006926348004739583,0.040983674321681034,0.011557554563997971,0.042926463255130824,0.0029323743386243106,-0.00868863168360631,0.014345814278340311,True
current_fixed,all344,AP_range,bge_vl_mllm_s1_retrieval_results_licensed,metaclip2_retrieval_results_combined,0.05046808624397223,0.06357963213816978,0.0274782240998176,0.07333074724795428,0.04375827858310873,0.08425998598041766,0.013111545894197552,-0.002032522580127705,0.028708618168814797,True
current_fixed,all344,AP_range,bge_vl_mllm_s1_retrieval_results_licensed,metaclip2_retrieval_results_image_only,0.23120259271344204,0.1992085450943944,0.21029513868773048,0.2534831152753962,0.17836216268071897,0.2207562446671983,-0.031994047619047644,-0.048076058813085146,-0.016416801008597885,True
current_fixed,all344,AP_range,bge_vl_mllm_s1_retrieval_results_licensed,metaclip2_retrieval_results_text_only,0.031467941316276754,0.05815614480611367,0.0024892442188359613,0.0607046505124005,0.03376421338591682,0.08278418531023986,0.026688203489836915,0.009219937876645228,0.04521849736490357,True
current_fixed,all344,AP_range,bge_vl_mllm_s1_retrieval_results_licensed,metaclip2_slerp_retrieval_results_licensed,0.07356701985811545,0.07826328281097106,0.051000044961459955,0.09613528826902563,0.058428739813038075,0.09868984747699712,0.004696262952855607,-0.010633851565438992,0.020172670153282914,True
current_fixed,all344,AP_range,bge_vl_mllm_s1_retrieval_results_licensed_reranked,bge_vl_mllm_s2_retrieval_results_licensed,0.08350692888051017,0.06819708482014689,0.06003880089593686,0.10804209510829764,0.04804660649720178,0.08896792890680402,-0.015309844060363287,-0.03201704392969671,0.0006902218949828981,True
current_fixed,all344,AP_range,bge_vl_mllm_s1_retrieval_results_licensed_reranked,metaclip2_retrieval_results_combined,0.11034889626070088,0.10521822375591083,0.08456047855789488,0.13644828607774145,0.08357974135960901,0.1276069569879973,-0.005130672504790046,-0.02292681601256506,0.01310861241419805,True
current_fixed,all344,AP_range,bge_vl_mllm_s1_retrieval_results_licensed_reranked,metaclip2_retrieval_results_image_only,0.2910834027301707,0.24084713671213548,0.2670222579176404,0.3155808696477346,0.2176459928294875,0.2646312327507245,-0.050236266018035214,-0.06993113393602855,-0.03095065531837295,True
current_fixed,all344,AP_range,bge_vl_mllm_s1_retrieval_results_licensed_reranked,metaclip2_retrieval_results_text_only,0.0913487513330054,0.09979473642385472,0.0586551406592771,0.12230621178953953,0.07345560988210856,0.12561725800913554,0.008445985090849317,-0.012116904530944331,0.030083774534441783,True
current_fixed,all344,AP_range,bge_vl_mllm_s1_retrieval_results_licensed_reranked,metaclip2_slerp_retrieval_results_licensed,0.1334478298748441,0.11990187442871211,0.10850589271777111,0.15872371165521318,0.09811485110407075,0.14215129376919855,-0.013545955446131991,-0.03125552032099775,0.004226119552071868,True
current_fixed,all344,AP_range,bge_vl_mllm_s2_retrieval_results_licensed,metaclip2_retrieval_results_combined,0.026841967380190707,0.03702113893576395,0.0037266890972749906,0.05056883571292805,0.016349223524971358,0.05862440346013412,0.010179171555573241,-0.004198974367747411,0.02494408747279858,True
current_fixed,all344,AP_range,bge_vl_mllm_s2_retrieval_results_licensed,metaclip2_retrieval_results_image_only,0.20757647384966052,0.17265005189198857,0.1881593458270459,0.22829038348301642,0.15285987136912058,0.19335115839759742,-0.034926421957671955,-0.04856927394005319,-0.021761653059104772,True
current_fixed,all344,AP_range,bge_vl_mllm_s2_retrieval_results_licensed,metaclip2_retrieval_results_text_only,0.007841822452495234,0.03159765160370784,-0.020273359124894048,0.03496837492247926,0.0077546154965121294,0.05520378944957502,0.023755829151212604,0.00823809606375521,0.04065750723010778,True
current_fixed,all344,AP_range,bge_vl_mllm_s2_retrieval_results_licensed,metaclip2_slerp_retrieval_results_licensed,0.04994090099433393,0.05170478960856523,0.027797791246791378,0.07202291594791108,0.031438483484625225,0.07263455577096908,0.001763888614231296,-0.012032515888236556,0.016031103450449367,True
current_fixed,all344,AP_range,metaclip2_retrieval_results_combined,metaclip2_retrieval_results_image_only,0.1807345064694698,0.13562891295622465,0.16259441280624665,0.2004995933238274,0.11881808963224405,0.15327209969383565,-0.04510559351324517,-0.05947824272257631,-0.031956168868937124,True
current_fixed,all344,AP_range,metaclip2_retrieval_results_combined,metaclip2_retrieval_results_text_only,-0.019000144927695473,-0.0054234873320561094,-0.038653698033420926,0.00037625717438212827,-0.022136284569416725,0.01091968610272344,0.013576657595639363,0.0022605235990257344,0.025660050680880838,True
current_fixed,all344,AP_range,metaclip2_retrieval_results_combined,metaclip2_slerp_retrieval_results_licensed,0.023098933614143224,0.01468365067280128,0.016924526424776397,0.029769980755473314,0.009719273349436336,0.019535264280181673,-0.008415282941341945,-0.013844840595477883,-0.0036932751332488145,True
current_fixed,all344,AP_range,metaclip2_retrieval_results_image_only,metaclip2_retrieval_results_text_only,-0.19973465139716529,-0.14105240028828075,-0.22818617666530763,-0.17391057662151613,-0.16541334657618267,-0.11833273704663139,0.05868225110888453,0.042632916840506914,0.07624018680632261,True
current_fixed,all344,AP_range,metaclip2_retrieval_results_image_only,metaclip2_slerp_retrieval_results_licensed,-0.1576355728553266,-0.12094526228342335,-0.17461041221146859,-0.1413260599437373,-0.136831476145706,-0.10574057859796081,0.03669031057190324,0.024827469037383462,0.0497054121766823,True
current_fixed,all344,AP_range,metaclip2_retrieval_results_text_only,metaclip2_slerp_retrieval_results_licensed,0.0420990785418387,0.02010713800485739,0.021934056356158565,0.0633348083072135,0.002954483858259067,0.038476364130230145,-0.021991940536981308,-0.03451692850117007,-0.010121069756788526,True
current_fixed,all344,P_range,bge_vl_mllm_s1_retrieval_results_licensed,bge_vl_mllm_s1_retrieval_results_licensed_reranked,-0.028197674418604435,-0.02063953488372089,-0.04227429993161281,-0.014449889493369637,-0.0332454954954954,-0.007738052599263282,0.007558139534883546,-0.0014535943114788563,0.016864943795459705,True
current_fixed,all344,P_range,bge_vl_mllm_s1_retrieval_results_licensed,bge_vl_mllm_s2_retrieval_results_licensed,0.01831395348837203,0.015988372093023145,0.004691739122978519,0.032163742690058394,0.0037564180068569253,0.028235463637904665,-0.0023255813953488857,-0.011111111111111183,0.006122448979591855,True
current_fixed,all344,P_range,bge_vl_mllm_s1_retrieval_results_licensed,metaclip2_retrieval_results_combined,-0.004941860465116299,0.008720930232558072,-0.02144927536231883,0.01205931923331129,-0.0073537767379680515,0.02536066587147493,0.01366279069767437,0.004129793510324497,0.023769501278772413,False
current_fixed,all344,P_range,bge_vl_mllm_s1_retrieval_results_licensed,metaclip2_retrieval_results_image_only,0.16947674418604677,0.15290697674418624,0.1530898876404496,0.18695716490867,0.13546390503875974,0.17117647058823537,-0.016569767441860533,-0.02732244285384433,-0.005722095699872687,True
current_fixed,all344,P_range,bge_vl_mllm_s1_retrieval_results_licensed,metaclip2_retrieval_results_text_only,-0.012209302325581317,0.011918604651162845,-0.03526053691501377,0.009092168219592108,-0.008430847006576727,0.03240319067571158,0.024127906976744162,0.012463768115942074,0.03684284034107625,False
current_fixed,all344,P_range,bge_vl_mllm_s1_retrieval_results_licensed,metaclip2_slerp_retrieval_results_licensed,0.010755813953488347,0.020639534883720834,-0.005429744750926412,0.02714404402244279,0.005411308935047779,0.03639102141061085,0.009883720930232487,0.0005986691305815813,0.01947674418604645,True
current_fixed,all344,P_range,bge_vl_mllm_s1_retrieval_results_licensed_reranked,bge_vl_mllm_s2_retrieval_results_licensed,0.046511627906976466,0.036627906976744035,0.03142815973651696,0.06224188790560464,0.022324090760157348,0.050581395348837106,-0.009883720930232431,-0.0210382336089756,0.0008428156541610904,True
current_fixed,all344,P_range,bge_vl_mllm_s1_retrieval_results_licensed_reranked,metaclip2_retrieval_results_combined,0.023255813953488136,0.02936046511627896,0.005371942064823807,0.04176144719251336,0.013427203647416387,0.04602318548387074,0.006104651162790825,-0.005358157467532369,0.017994829182959547,True
current_fixed,all344,P_range,bge_vl_mllm_s1_retrieval_results_licensed_reranked,metaclip2_retrieval_results_image_only,0.1976744186046512,0.17354651162790713,0.18132143405300327,0.21494468806059389,0.15619547804712677,0.192285437114814,-0.02412790697674408,-0.03670668990139416,-0.011780743664312497,True
current_fixed,all344,P_range,bge_vl_mllm_s1_retrieval_results_licensed_reranked,metaclip2_retrieval_results_text_only,0.015988372093023118,0.032558139534883734,-0.006606671326498866,0.03825320848611837,0.012716763005780422,0.05263463005339433,0.016569767441860617,0.0040556718807734475,0.030474619856887424,True
current_fixed,all344,P_range,bge_vl_mllm_s1_retrieval_results_licensed_reranked,metaclip2_slerp_retrieval_results_licensed,0.03895348837209278,0.04127906976744172,0.0215111506421381,0.0570598677340759,0.02586206896551729,0.057352941176470586,0.0023255813953489413,-0.009275362318840547,0.013967020816706496,True
current_fixed,all344,P_range,bge_vl_mllm_s2_retrieval_results_licensed,metaclip2_retrieval_results_combined,-0.02325581395348833,-0.007267441860465074,-0.04054173290938,-0.005537762243637713,-0.023838946708251457,0.010211553195424168,0.015988372093023256,0.00458355040375112,0.02758646270336647,True
current_fixed,all344,P_range,bge_vl_mllm_s2_retrieval_results_licensed,metaclip2_retrieval_results_image_only,0.15116279069767474,0.1369186046511631,0.13657074059085403,0.16627931681929,0.12100555057187723,0.15302251552795035,-0.014244186046511648,-0.02478392324934116,-0.004129489849036951,True
current_fixed,all344,P_range,bge_vl_mllm_s2_retrieval_results_licensed,metaclip2_retrieval_results_text_only,-0.03052325581395335,-0.0040697674418603,-0.05370985964732738,-0.008822638146167539,-0.025219941348973544,0.016949400337000865,0.026453488372093048,0.014326647564469858,0.03946626018693505,True
current_fixed,all344,P_range,bge_vl_mllm_s2_retrieval_results_licensed,metaclip2_slerp_retrieval_results_licensed,-0.007558139534883684,0.004651162790697688,-0.024069031713434653,0.009384854234949168,-0.011111925708699972,0.021195152555805067,0.012209302325581373,0.000895258222163415,0.023669408626055995,False
current_fixed,all344,P_range,metaclip2_retrieval_results_combined,metaclip2_retrieval_results_image_only,0.17441860465116307,0.14418604651162817,0.15850676442349668,0.19188405797101457,0.12782747196738037,0.16158248749453663,-0.030232558139534904,-0.04199410876132929,-0.019710038363171326,True
current_fixed,all344,P_range,metaclip2_retrieval_results_combined,metaclip2_retrieval_results_text_only,-0.007267441860465018,0.0031976744186047734,-0.023824205544286766,0.00831130003603122,-0.010850439882697934,0.01705882352941185,0.010465116279069792,0.0009035466189080396,0.020639534883721,False
current_fixed,all344,P_range,metaclip2_retrieval_results_combined,metaclip2_slerp_retrieval_results_licensed,0.015697674418604646,0.011918604651162762,0.008985420463420875,0.02231884057971012,0.005847953216374267,0.017898260969521868,-0.003779069767441884,-0.008333333333333276,0.00028985507246373705,True
current_fixed,all344,P_range,metaclip2_retrieval_results_image_only,metaclip2_retrieval_results_text_only,-0.1816860465116281,-0.1409883720930234,-0.20512820512820518,-0.16028975155279504,-0.16294227392449523,-0.12039540648264054,0.040697674418604696,0.029105965503382007,0.05356150793650789,True
current_fixed,all344,P_range,metaclip2_retrieval_results_image_only,metaclip2_slerp_retrieval_results_licensed,-0.15872093023255843,-0.1322674418604654,-0.17440493697479,-0.1435729900412923,-0.14851212489433652,-0.11699109479193054,0.02645348837209302,0.016665472779369625,0.03716814159292034,True
current_fixed,all344,P_range,metaclip2_retrieval_results_text_only,metaclip2_slerp_retrieval_results_licensed,0.022965116279069664,0.008720930232557988,0.006016462776452723,0.04055595238095233,-0.006433220147142143,0.02351481681891957,-0.014244186046511675,-0.024709385859396034,-0.00470563860903477,True
current_fixed,split121,AP10,bge_vl_mllm_s1_retrieval_results_licensed,bge_vl_mllm_s1_retrieval_results_licensed_reranked,-0.033897754897754956,-0.01959011051868198,-0.06307822923683958,-0.005137392194544133,-0.04324864793988213,0.0033345840474157617,0.014307644379072976,0.002550721323161992,0.026523420388691685,True
current_fixed,split121,AP10,bge_vl_mllm_s1_retrieval_results_licensed,bge_vl_mllm_s2_retrieval_results_licensed,0.015042965159036498,0.01234080934676171,-0.003213039346363639,0.03351768922672424,-0.00152408940340886,0.026729342098096225,-0.002702155812274787,-0.010257712568970382,0.0048145265679038615,True
current_fixed,split121,AP10,bge_vl_mllm_s1_retrieval_results_licensed,metaclip2_retrieval_results_combined,0.08390438929575834,0.057235902143640216,0.051700151021684924,0.11690937713264046,0.03172208039686264,0.08297742431415941,-0.026668487152118128,-0.03906695184977448,-0.014816795857492982,True
current_fixed,split121,AP10,bge_vl_mllm_s1_retrieval_results_licensed,metaclip2_retrieval_results_image_only,0.14517165826540823,0.09953619520881425,0.11005661490641595,0.18459670617000018,0.07270930896412113,0.13040377379465345,-0.04563546305659398,-0.061304267548320704,-0.031102228617425145,True
current_fixed,split121,AP10,bge_vl_mllm_s1_retrieval_results_licensed,metaclip2_retrieval_results_text_only,0.126370346749811,0.0872405841215365,0.08906246557122752,0.16320878171937017,0.0569967119293465,0.11678367022638934,-0.039129762628274514,-0.05278202866123656,-0.0259739046704375,True
current_fixed,split121,AP10,bge_vl_mllm_s1_retrieval_results_licensed,metaclip2_slerp_retrieval_results_licensed,0.08359640358896309,0.05807490079365077,0.05328846975198307,0.11596899174991047,0.03420790676364144,0.08300736593039824,-0.025521502795312317,-0.03807523084700807,-0.01354799597991007,True
current_fixed,split121,AP10,bge_vl_mllm_s1_retrieval_results_licensed_reranked,bge_vl_mllm_s2_retrieval_results_licensed,0.048940720056791454,0.03193091986544369,0.021024197713181363,0.0783667919871252,0.00979716034953386,0.05483718744355159,-0.017009800191347763,-0.029497935934993398,-0.00497781017008375,True
current_fixed,split121,AP10,bge_vl_mllm_s1_retrieval_results_licensed_reranked,metaclip2_retrieval_results_combined,0.1178021441935133,0.0768260126623222,0.08656510970743769,0.15023735516436815,0.05275985594469647,0.10129925999641737,-0.040976131531191104,-0.05562778539767192,-0.027746654405362572,True
current_fixed,split121,AP10,bge_vl_mllm_s1_retrieval_results_licensed_reranked,metaclip2_retrieval_results_image_only,0.17906941316316322,0.11912630572749623,0.14143398453340406,0.2188733326276775,0.09074120290882996,0.14905664851224462,-0.059943107435666984,-0.07740473646134262,-0.04411806388562521,True
current_fixed,split121,AP10,bge_vl_mllm_s1_retrieval_results_licensed_reranked,metaclip2_retrieval_results_text_only,0.160268101647566,0.10683069464021848,0.1269327949557919,0.19493440953530852,0.08114566008586094,0.13392398997721372,-0.05343740700734752,-0.06836543035307176,-0.03882480518509172,True
current_fixed,split121,AP10,bge_vl_mllm_s1_retrieval_results_licensed_reranked,metaclip2_slerp_retrieval_results_licensed,0.11749415848671804,0.07766501131233275,0.08499487317555356,0.15019061199740735,0.05400291184556367,0.10216522139008884,-0.03982914717438529,-0.05471031464542265,-0.02605084992395733,True
current_fixed,split121,AP10,bge_vl_mllm_s2_retrieval_results_licensed,metaclip2_retrieval_results_combined,0.06886142413672185,0.044895092796878505,0.039011896004291,0.09885575572444193,0.020414435660290255,0.0689073827655343,-0.02396633133984334,-0.03626972128165422,-0.011798364888869603,True
current_fixed,split121,AP10,bge_vl_mllm_s2_retrieval_results_licensed,metaclip2_retrieval_results_image_only,0.13012869310637176,0.08719538586205254,0.09923666468898322,0.1617866138020001,0.06375131853551091,0.11247351823228774,-0.04293330724431922,-0.05778681811190467,-0.0289121776935881,True
current_fixed,split121,AP10,bge_vl_mllm_s2_retrieval_results_licensed,metaclip2_retrieval_results_text_only,0.11132738159077453,0.07489977477477479,0.07600065016283906,0.1449642063294587,0.04743380426423462,0.10070799166181571,-0.03642760681599974,-0.05037496630725312,-0.022776389550695688,True
current_fixed,split121,AP10,bge_vl_mllm_s2_retrieval_results_licensed,metaclip2_slerp_retrieval_results_licensed,0.06855343842992659,0.04573409144688906,0.04005368091684192,0.09765297588079501,0.023427601013673405,0.06824059422279757,-0.02281934698303753,-0.035454808377969375,-0.01049797425306956,True
current_fixed,split121,AP10,metaclip2_retrieval_results_combined,metaclip2_retrieval_results_image_only,0.0612672689696499,0.042300293065174036,0.03514049061185535,0.08898360444614292,0.022138409110123415,0.06443556971165217,-0.018966975904475866,-0.030038451936669538,-0.008424855947267742,True
current_fixed,split121,AP10,metaclip2_retrieval_results_combined,metaclip2_retrieval_results_text_only,0.04246595745405268,0.030004681977896283,0.021431613790903727,0.06311371086485847,0.01410967120013365,0.046407380103191474,-0.0124612754761564,-0.020759365195339524,-0.004401490490606216,True
current_fixed,split121,AP10,metaclip2_retrieval_results_combined,metaclip2_slerp_retrieval_results_licensed,-0.00030798570679525794,0.0008389986500105528,-0.006876004498776073,0.007030057849488386,-0.004284133373183158,0.006870048633834796,0.0011469843568058108,-0.0010753296625098548,0.0033288387723484345,False
current_fixed,split121,AP10,metaclip2_retrieval_results_image_only,metaclip2_retrieval_results_text_only,-0.01880131151559722,-0.012295611087277752,-0.05231921464299869,0.012240670559899929,-0.03856518568775181,0.011333805826847903,0.006505700428319466,-0.0054361518510192405,0.019404037765946007,True
current_fixed,split121,AP10,metaclip2_retrieval_results_image_only,metaclip2_slerp_retrieval_results_licensed,-0.06157525467644516,-0.04146129441516348,-0.0858026222599108,-0.03825891796716869,-0.05987085377886637,-0.024332579870104426,0.020113960261281677,0.009862209485761962,0.031057917106826014,True
current_fixed,split121,AP10,metaclip2_retrieval_results_text_only,metaclip2_slerp_retrieval_results_licensed,-0.04277394316084794,-0.02916568332788573,-0.06649626248939675,-0.018585054729107625,-0.047435528892679074,-0.01072385550874618,0.01360825983296221,0.004518699056445687,0.022843963328368515,True
current_fixed,split121,P10,bge_vl_mllm_s1_retrieval_results_licensed,bge_vl_mllm_s1_retrieval_results_licensed_reranked,-0.029594594594594598,-0.02108108108108106,-0.04416107382550319,-0.014304690541066504,-0.032284177395652806,-0.009345666016226767,0.008513513513513538,0.0013604059509982655,0.015871842234417528,True
current_fixed,split121,P10,bge_vl_mllm_s1_retrieval_results_licensed,bge_vl_mllm_s2_retrieval_results_licensed,-0.0008108108108108025,0.0024324324324324353,-0.015333376288659797,0.013049455420466016,-0.008919826542960944,0.013510300184561888,0.003243243243243238,-0.0024644922659676394,0.00905410573878392,False
current_fixed,split121,P10,bge_vl_mllm_s1_retrieval_results_licensed,metaclip2_retrieval_results_combined,0.05824324324324315,0.03986486486486489,0.035270879190991214,0.08110148367147653,0.020786270678157005,0.05918905383604521,-0.01837837837837826,-0.02733423545331526,-0.009998990578734828,True
current_fixed,split121,P10,bge_vl_mllm_s1_retrieval_results_licensed,metaclip2_retrieval_results_image_only,0.10743243243243232,0.07418918918918918,0.07719750195160033,0.1430031002119887,0.0499355853271516,0.10098950513368822,-0.03324324324324314,-0.046987951807228895,-0.020110192837465582,True
current_fixed,split121,P10,bge_vl_mllm_s1_retrieval_results_licensed,metaclip2_retrieval_results_text_only,0.12499999999999989,0.08810810810810811,0.09856290708610566,0.15158093278463639,0.06693322960717038,0.10993456375838923,-0.03689189189189178,-0.04759317661359672,-0.026515790784819995,True
current_fixed,split121,P10,bge_vl_mllm_s1_retrieval_results_licensed,metaclip2_slerp_retrieval_results_licensed,0.05081081081081071,0.03513513513513512,0.02835815784093234,0.07403333442465503,0.016460097001763624,0.05420718748509561,-0.015675675675675585,-0.02451299222594783,-0.0071421242915771085,True
current_fixed,split121,P10,bge_vl_mllm_s1_retrieval_results_licensed_reranked,bge_vl_mllm_s2_retrieval_results_licensed,0.028783783783783795,0.023513513513513495,0.010930562279548986,0.04600936838499934,0.010080746297584204,0.03684947249927997,-0.0052702702702703,-0.013259741782317437,0.0023324454006795696,True
current_fixed,split121,P10,bge_vl_mllm_s1_retrieval_results_licensed_reranked,metaclip2_retrieval_results_combined,0.08783783783783775,0.06094594594594595,0.06086899010812047,0.11498042916055075,0.04027210884353741,0.08110683076512576,-0.026891891891891798,-0.03758306964187139,-0.01662160305910299,True
current_fixed,split121,P10,bge_vl_mllm_s1_retrieval_results_licensed_reranked,metaclip2_retrieval_results_image_only,0.1370270270270269,0.09527027027027024,0.10414365605950567,0.1737880679916901,0.0701261772041618,0.12209056634702066,-0.04175675675675666,-0.05678194744085695,-0.027962384423764537,True
current_fixed,split121,P10,bge_vl_mllm_s1_retrieval_results_licensed_reranked,metaclip2_retrieval_results_text_only,0.1545945945945945,0.10918918918918917,0.12704786266042856,0.1825982166315461,0.08821582628971145,0.13094041281673177,-0.045405405405405316,-0.058155930239181884,-0.03337797619047617,True
current_fixed,split121,P10,bge_vl_mllm_s1_retrieval_results_licensed_reranked,metaclip2_slerp_retrieval_results_licensed,0.0804054054054053,0.05621621621621618,0.05317614281389539,0.10776465109768844,0.0361180398402929,0.07647079051703212,-0.024189189189189123,-0.034890151237060435,-0.013792988044130521,True
current_fixed,split121,P10,bge_vl_mllm_s2_retrieval_results_licensed,metaclip2_retrieval_results_combined,0.05905405405405395,0.03743243243243245,0.03517348167689394,0.08324157672517171,0.017871151179691565,0.056803620950598,-0.021621621621621498,-0.031092605943181573,-0.012640372268181209,True
current_fixed,split121,P10,bge_vl_mllm_s2_retrieval_results_licensed,metaclip2_retrieval_results_image_only,0.10824324324324312,0.07175675675675675,0.07855022822380359,0.1404247694383188,0.04839462008579655,0.09628684459140292,-0.03648648648648638,-0.0493676468062449,-0.023848696621747198,True
current_fixed,split121,P10,bge_vl_mllm_s2_retrieval_results_licensed,metaclip2_retrieval_results_text_only,0.1258108108108107,0.08567567567567567,0.09892580924987444,0.15196824966078695,0.0643853830963375,0.1063781652785899,-0.04013513513513502,-0.05127308396766983,-0.028894194073174406,True
current_fixed,split121,P10,bge_vl_mllm_s2_retrieval_results_licensed,metaclip2_slerp_retrieval_results_licensed,0.05162162162162151,0.03270270270270269,0.028319661546062955,0.07506792742372256,0.013740379396439436,0.051513178074361086,-0.018918918918918823,-0.028033694184321747,-0.01027370223503959,True
current_fixed,split121,P10,metaclip2_retrieval_results_combined,metaclip2_retrieval_results_image_only,0.04918918918918917,0.03432432432432429,0.022088312599993467,0.07665385170745792,0.013575222276829573,0.05573800319755648,-0.01486486486486488,-0.02597081152757171,-0.003952394396493729,True
current_fixed,split121,P10,metaclip2_retrieval_results_combined,metaclip2_retrieval_results_text_only,0.06675675675675674,0.04824324324324322,0.0501351079631911,0.08394112897306027,0.03469360213721118,0.06261808367071521,-0.01851351351351352,-0.02503677493972128,-0.012068849958398867,True
current_fixed,split121,P10,metaclip2_retrieval_results_combined,metaclip2_slerp_retrieval_results_licensed,-0.00743243243243244,-0.004729729729729765,-0.01129278386886673,-0.003541706643128529,-0.00783797032326447,-0.0015957446808511071,0.002702702702702675,0.0006561250360720639,0.00490726584184034,True
current_fixed,split121,P10,metaclip2_retrieval_results_image_only,metaclip2_retrieval_results_text_only,0.01756756756756757,0.01391891891891893,-0.012769246841488275,0.04732896362994342,-0.008607362029010376,0.036472462004683404,-0.003648648648648639,-0.0173914486979618,0.009582160132842372,True
current_fixed,split121,P10,metaclip2_retrieval_results_image_only,metaclip2_slerp_retrieval_results_licensed,-0.05662162162162161,-0.03905405405405406,-0.08342500876577837,-0.030511663613066047,-0.059530195075447684,-0.019141732103202806,0.017567567567567555,0.006701297287263113,0.028592205565889775,True
current_fixed,split121,P10,metaclip2_retrieval_results_text_only,metaclip2_slerp_retrieval_results_licensed,-0.07418918918918918,-0.05297297297297299,-0.0933426171391068,-0.05561458514250382,-0.06872471140513543,-0.038311561907689175,0.021216216216216194,0.013598797852474328,0.02925220088035208,True
current_fixed,split121,AP_range,bge_vl_mllm_s1_retrieval_results_licensed,bge_vl_mllm_s1_retrieval_results_licensed_reranked,-0.06258134582268773,-0.03578090740428397,-0.09839586533118432,-0.027200236476032324,-0.06728185424649176,-0.004623693390280483,0.026800438418403766,-0.005837442128545102,0.059270953411481836,True
current_fixed,split121,AP_range,bge_vl_mllm_s1_retrieval_results_licensed,bge_vl_mllm_s2_retrieval_results_licensed,0.021010110119958597,0.03391209560040731,-0.002807699615720098,0.04460299592043489,0.009289790272894206,0.0585278533635676,0.012901985480448713,-0.01062818630443465,0.03716249518446969,True
current_fixed,split121,AP_range,bge_vl_mllm_s1_retrieval_results_licensed,metaclip2_retrieval_results_combined,0.039256298555540914,0.07802137276704382,0.0026426686268877678,0.07715135277465195,0.04123354014331319,0.11520870352316295,0.03876507421150291,0.010688469831288511,0.06842702874279609,True
current_fixed,split121,AP_range,bge_vl_mllm_s1_retrieval_results_licensed,metaclip2_retrieval_results_image_only,0.20133544135438072,0.1942523149449557,0.16721054579239103,0.238738303225254,0.15628316914709403,0.23523387612770566,-0.007083126409425017,-0.03556770030929034,0.021707894582022755,True
current_fixed,split121,AP_range,bge_vl_mllm_s1_retrieval_results_licensed,metaclip2_retrieval_results_text_only,0.04106230309693509,0.09883102958048853,-0.007570792997623614,0.08863578410890217,0.055201869625354685,0.1411030258292015,0.05776872648355344,0.02470688386025992,0.09394804047981557,True
current_fixed,split121,AP_range,bge_vl_mllm_s1_retrieval_results_licensed,metaclip2_slerp_retrieval_results_licensed,0.061105613962756794,0.087381561440003,0.02658961826329924,0.09774879555383559,0.05212391858086018,0.12356277257995342,0.02627594747724621,-0.0018549237584036065,0.05468290521748278,True
current_fixed,split121,AP_range,bge_vl_mllm_s1_retrieval_results_licensed_reranked,bge_vl_mllm_s2_retrieval_results_licensed,0.08359145594264633,0.06969300300469128,0.050073832858799135,0.11701310560712043,0.037817357603815924,0.10115845770891778,-0.013898452937955053,-0.04770565571193287,0.020913568213980972,True
current_fixed,split121,AP_range,bge_vl_mllm_s1_retrieval_results_licensed_reranked,metaclip2_retrieval_results_combined,0.10183764437822865,0.11380228017132779,0.0633388176670721,0.13980691810125428,0.07909614919619072,0.14962688919752554,0.011964635793099143,-0.02292843733972115,0.048184745042522195,True
current_fixed,split121,AP_range,bge_vl_mllm_s1_retrieval_results_licensed_reranked,metaclip2_retrieval_results_image_only,0.26391678717706846,0.23003322234923967,0.22537987995021636,0.30321312492450886,0.1889416652283252,0.2753570504137785,-0.03388356482782878,-0.07178037300275215,0.004644746964129465,True
current_fixed,split121,AP_range,bge_vl_mllm_s1_retrieval_results_licensed_reranked,metaclip2_retrieval_results_text_only,0.10364364891962283,0.1346119369847725,0.055575025246060096,0.148339897999267,0.09559696644995619,0.17362959377038079,0.030968288065149674,-0.006674822938483722,0.07373841713421994,True
current_fixed,split121,AP_range,bge_vl_mllm_s1_retrieval_results_licensed_reranked,metaclip2_slerp_retrieval_results_licensed,0.12368695978544453,0.12316246884428697,0.08638242313747813,0.16042342066419732,0.08755661486531749,0.16009138515023671,-0.0005244909411575571,-0.03465869318045142,0.03491475834554062,True
current_fixed,split121,AP_range,bge_vl_mllm_s2_retrieval_results_licensed,metaclip2_retrieval_results_combined,0.018246188435582317,0.04410927716663651,-0.015522862049816876,0.052500097339065584,0.010306562509786324,0.07885716472203433,0.025863088731054196,-0.0036117529998110497,0.056520306194730474,True
current_fixed,split121,AP_range,bge_vl_mllm_s2_retrieval_results_licensed,metaclip2_retrieval_results_image_only,0.18032533123442213,0.1603402193445484,0.15101134778395264,0.21101704865174228,0.12754136751017314,0.1950635411761851,-0.01998511188987373,-0.04556952268441376,0.005813704373061334,True
current_fixed,split121,AP_range,bge_vl_mllm_s2_retrieval_results_licensed,metaclip2_retrieval_results_text_only,0.020052192976976496,0.06491893398008122,-0.026077410585239803,0.06395387505440472,0.022576250464602692,0.10552467735881904,0.044866741003104726,0.01724694500978898,0.07759948163959401,True
current_fixed,split121,AP_range,bge_vl_mllm_s2_retrieval_results_licensed,metaclip2_slerp_retrieval_results_licensed,0.0400955038427982,0.05346946583959569,0.008405351280013065,0.07223341118740706,0.021022591425504587,0.08810284700636771,0.013373961996797495,-0.014610089378325131,0.0415823416588857,True
current_fixed,split121,AP_range,metaclip2_retrieval_results_combined,metaclip2_retrieval_results_image_only,0.1620791427988398,0.11623094217791187,0.13369294395384443,0.19111922317293364,0.08805185838483699,0.14553584485602936,-0.04584820062092794,-0.07132721274952561,-0.02226745212651583,True
current_fixed,split121,AP_range,metaclip2_retrieval_results_combined,metaclip2_retrieval_results_text_only,0.0018060045413941794,0.02080965681344471,-0.03118552811685204,0.03399760118009745,-0.00745930780943064,0.048287415622113077,0.01900365227205053,-0.0024881444819501108,0.04158903138862337,True
current_fixed,split121,AP_range,metaclip2_retrieval_results_combined,metaclip2_slerp_retrieval_results_licensed,0.02184931540721588,0.00936018867295918,0.013243366559586826,0.03085244866074687,0.0008503193093246792,0.017962785436499415,-0.0124891267342567,-0.022628552830971822,-0.003400930385493818,True
current_fixed,split121,AP_range,metaclip2_retrieval_results_image_only,metaclip2_retrieval_results_text_only,-0.16027313825744563,-0.09542128536446716,-0.20436593005450493,-0.12080334457167077,-0.1354359473351122,-0.05874190010560675,0.06485185289297847,0.040283958399162864,0.09463868239008572,True
current_fixed,split121,AP_range,metaclip2_retrieval_results_image_only,metaclip2_slerp_retrieval_results_licensed,-0.14022982739162393,-0.10687075350495269,-0.16504559707794053,-0.11636984656289265,-0.1324702008144556,-0.08257210227912072,0.03335907388667124,0.013038254137705827,0.05498163560957231,True
current_fixed,split121,AP_range,metaclip2_retrieval_results_text_only,metaclip2_slerp_retrieval_results_licensed,0.0200433108658217,-0.01144946814048553,-0.012477098282228684,0.05344383811357574,-0.03937602591962711,0.018608310407861737,-0.03149277900630723,-0.05391702371766429,-0.01111939041663736,False
current_fixed,split121,P_range,bge_vl_mllm_s1_retrieval_results_licensed,bge_vl_mllm_s1_retrieval_results_licensed_reranked,-0.03388429752066116,-0.009090909090909066,-0.05655737704918026,-0.011666666666666685,-0.027503556910569153,0.010004237288135622,0.024793388429752095,0.003361344537815141,0.046611581920904005,True
current_fixed,split121,P_range,bge_vl_mllm_s1_retrieval_results_licensed,bge_vl_mllm_s2_retrieval_results_licensed,0.023140495867768646,0.022314049586776824,0.002479338842975242,0.04344262295081969,0.0025423728813559732,0.041322314049586806,-0.0008264462809918216,-0.02231869834710759,0.02032520325203252,True
current_fixed,split121,P_range,bge_vl_mllm_s1_retrieval_results_licensed,metaclip2_retrieval_results_combined,0.007438016528925673,0.046280991735537264,-0.022033898305084707,0.036974789915966394,0.01864406779661026,0.07478991596638657,0.03884297520661159,0.01652892561983471,0.06083333333333338,True
current_fixed,split121,P_range,bge_vl_mllm_s1_retrieval_results_licensed,metaclip2_retrieval_results_image_only,0.1644628099173554,0.16033057851239674,0.13644067796610168,0.1927433870967742,0.1277288720366195,0.1966666666666666,-0.004132231404958664,-0.027352150537634394,0.020492328709541895,True
current_fixed,split121,P_range,bge_vl_mllm_s1_retrieval_results_licensed,metaclip2_retrieval_results_text_only,0.014876033057851318,0.07851239669421495,-0.02381257631257634,0.052420346377578024,0.04666666666666666,0.11229762227340473,0.06363636363636363,0.03719008264462806,0.09106048780487806,True
current_fixed,split121,P_range,bge_vl_mllm_s1_retrieval_results_licensed,metaclip2_slerp_retrieval_results_licensed,0.019008264462809954,0.04628099173553729,-0.009168592436974807,0.047540983606557397,0.019046635182998782,0.07500516528925633,0.027272727272727337,0.006557377049180301,0.04789915966386557,True
current_fixed,split121,P_range,bge_vl_mllm_s1_retrieval_results_licensed_reranked,bge_vl_mllm_s2_retrieval_results_licensed,0.057024793388429806,0.03140495867768589,0.032478632478632447,0.08083729338842978,0.011014634667426257,0.05200081300813003,-0.025619834710743916,-0.05322580645161293,0.0016810283435408737,True
current_fixed,split121,P_range,bge_vl_mllm_s1_retrieval_results_licensed_reranked,metaclip2_retrieval_results_combined,0.041322314049586834,0.05537190082644633,0.009164772727272692,0.07372881355932204,0.02764227642276429,0.08333333333333329,0.014049586776859496,-0.012297622273404727,0.040336134453781536,True
current_fixed,split121,P_range,bge_vl_mllm_s1_retrieval_results_licensed_reranked,metaclip2_retrieval_results_image_only,0.19834710743801656,0.1694214876033058,0.16776241435332342,0.22869131147540986,0.13499999999999998,0.207259539732494,-0.02892561983471076,-0.058333333333333376,0.0008662711864404457,True
current_fixed,split121,P_range,bge_vl_mllm_s1_retrieval_results_licensed_reranked,metaclip2_retrieval_results_text_only,0.04876033057851248,0.08760330578512401,0.008469323434654749,0.0866666666666667,0.05666393442622943,0.1190082644628099,0.038842975206611535,0.009320075487822295,0.06891874491732153,True
current_fixed,split121,P_range,bge_vl_mllm_s1_retrieval_results_licensed_reranked,metaclip2_slerp_retrieval_results_licensed,0.052892561983471115,0.05537190082644636,0.021134966181594602,0.08524590163934426,0.027118644067796654,0.08442622950819678,0.0024793388429752428,-0.024793388429752043,0.029169207317073117,True
current_fixed,split121,P_range,bge_vl_mllm_s2_retrieval_results_licensed,metaclip2_retrieval_results_combined,-0.015702479338842973,0.02396694214876044,-0.044166666666666604,0.014166666666666716,-0.006558731879149221,0.05454545454545459,0.03966942148760341,0.013114754098360713,0.06551796580701241,False
current_fixed,split121,P_range,bge_vl_mllm_s2_retrieval_results_licensed,metaclip2_retrieval_results_image_only,0.14132231404958676,0.1380165289256199,0.11570247933884294,0.16859504132231407,0.10737554978008794,0.17069070647603027,-0.0033057851239668423,-0.02749999999999997,0.02109486153455291,True
current_fixed,split121,P_range,bge_vl_mllm_s2_retrieval_results_licensed,metaclip2_retrieval_results_text_only,-0.008264462809917328,0.056198347107438124,-0.04590329190904285,0.02950819672131147,0.023134017369379464,0.0901659336265494,0.06446280991735545,0.03749745934959342,0.09193709677419354,False
current_fixed,split121,P_range,bge_vl_mllm_s2_retrieval_results_licensed,metaclip2_slerp_retrieval_results_licensed,-0.004132231404958692,0.023966942148760467,-0.03305785123966942,0.02645044654758731,-0.0065587318791491935,0.05424499229583967,0.02809917355371916,5.551115123125783e-17,0.054545454545454564,False
current_fixed,split121,P_range,metaclip2_retrieval_results_combined,metaclip2_retrieval_results_image_only,0.15702479338842973,0.11404958677685947,0.13388429752066114,0.18099173553719003,0.08823280159521432,0.1415272881355932,-0.042975206611570255,-0.06722689075630252,-0.019491525423728864,True
current_fixed,split121,P_range,metaclip2_retrieval_results_combined,metaclip2_retrieval_results_text_only,0.007438016528925645,0.032231404958677684,-0.020833333333333263,0.03388464770976331,0.010566974822974055,0.053333333333333316,0.02479338842975204,0.0041658057851239,0.047540983606557424,True
current_fixed,split121,P_range,metaclip2_retrieval_results_combined,metaclip2_slerp_retrieval_results_licensed,0.011570247933884281,2.7755575615628914e-17,0.0024999999999999745,0.02101164856186373,-0.006837606837606841,0.007377049180327916,-0.011570247933884253,-0.021487603305785086,-0.0023809523809523716,True
current_fixed,split121,P_range,metaclip2_retrieval_results_image_only,metaclip2_retrieval_results_text_only,-0.14958677685950408,-0.08181818181818179,-0.18320333333333325,-0.11935483870967738,-0.1147563396516394,-0.05079679452426146,0.0677685950413223,0.04380165289256198,0.09421487603305785,True
current_fixed,split121,P_range,metaclip2_retrieval_results_image_only,metaclip2_slerp_retrieval_results_licensed,-0.14545454545454545,-0.11404958677685945,-0.16783043478260867,-0.12268907563025211,-0.14094585000645413,-0.08907563025210082,0.031404958677686,0.009090909090909148,0.053453532380151374,True
current_fixed,split121,P_range,metaclip2_retrieval_results_text_only,metaclip2_slerp_retrieval_results_licensed,0.004132231404958636,-0.032231404958677656,-0.02258335592301434,0.033613626485076833,-0.054920081967213125,-0.008620689655172403,-0.03636363636363629,-0.059166666666666715,-0.01610169491525422,False
current_fixed,other223,AP10,bge_vl_mllm_s1_retrieval_results_licensed,bge_vl_mllm_s1_retrieval_results_licensed_reranked,-0.047631463769267135,-0.024308943092273577,-0.07211506109690748,-0.02271303315557475,-0.04578352594523792,-0.003350501068206588,0.023322520676993558,0.008510918180477977,0.038685419886424044,True
current_fixed,other223,AP10,bge_vl_mllm_s1_retrieval_results_licensed,bge_vl_mllm_s2_retrieval_results_licensed,0.02591053916837749,0.026404890025753053,0.005910888164324696,0.045940064020696135,0.009877997437478135,0.043172393174174394,0.0004943508573755639,-0.011048802212106008,0.012650755131025013,True
current_fixed,other223,AP10,bge_vl_mllm_s1_retrieval_results_licensed,metaclip2_retrieval_results_combined,0.1360446101158891,0.11695202656822815,0.1078175677158979,0.16430865796529912,0.0927666458996929,0.14205543748418895,-0.01909258354766094,-0.036758787255488846,-0.0027313876835243214,True
current_fixed,other223,AP10,bge_vl_mllm_s1_retrieval_results_licensed,metaclip2_retrieval_results_image_only,0.2264491885111093,0.17671837255476808,0.19465653885516856,0.2588528397372855,0.14718607903443556,0.2073773778721868,-0.04973081595634121,-0.07116719189748433,-0.029582356343004306,True
current_fixed,other223,AP10,bge_vl_mllm_s1_retrieval_results_licensed,metaclip2_retrieval_results_text_only,0.17934746109700303,0.15238840057913683,0.14861681106026287,0.21029598428100746,0.12499443588588953,0.18079780983651955,-0.0269590605178662,-0.045902832274690976,-0.008551557781852952,True
current_fixed,other223,AP10,bge_vl_mllm_s1_retrieval_results_licensed,metaclip2_slerp_retrieval_results_licensed,0.13753235323106422,0.11704807744848644,0.10924164214819121,0.16549906456363517,0.09251177958491193,0.14229495499395894,-0.020484275782577777,-0.0378007099756625,-0.00394886556479173,True
current_fixed,other223,AP10,bge_vl_mllm_s1_retrieval_results_licensed_reranked,bge_vl_mllm_s2_retrieval_results_licensed,0.07354200293764462,0.05071383311802663,0.04997005719134608,0.09926215879562059,0.029510021415479017,0.07329461103781833,-0.022828169819617994,-0.03695744310421012,-0.009879898291858364,True
current_fixed,other223,AP10,bge_vl_mllm_s1_retrieval_results_licensed_reranked,metaclip2_retrieval_results_combined,0.18367607388515622,0.14126096966050172,0.15687811981933905,0.21103072592296998,0.11689599105734316,0.16676453496800625,-0.0424151042246545,-0.060279784821318586,-0.02598788563101547,True
current_fixed,other223,AP10,bge_vl_mllm_s1_retrieval_results_licensed_reranked,metaclip2_retrieval_results_image_only,0.2740806522803764,0.20102731564704165,0.24303040786195373,0.3065097376844666,0.17190470353450338,0.23146501214685442,-0.07305333663333477,-0.09771483052648011,-0.05049054986650769,True
current_fixed,other223,AP10,bge_vl_mllm_s1_retrieval_results_licensed_reranked,metaclip2_retrieval_results_text_only,0.22697892486627017,0.1766973436714104,0.19555859077593726,0.2585307465459524,0.14930711848984352,0.20600602588012226,-0.05028158119485976,-0.07188638623045956,-0.02989834460332774,True
current_fixed,other223,AP10,bge_vl_mllm_s1_retrieval_results_licensed_reranked,metaclip2_slerp_retrieval_results_licensed,0.18516381700033135,0.14135702054076002,0.15830888455444642,0.21279207830539823,0.11677596848703647,0.16695031053270865,-0.043806796459571334,-0.06137229283313618,-0.027252553518201644,True
current_fixed,other223,AP10,bge_vl_mllm_s2_retrieval_results_licensed,metaclip2_retrieval_results_combined,0.1101340709475116,0.09054713654247509,0.08279719986601997,0.1375805129086541,0.06631244255348481,0.11563519969579282,-0.019586934405036505,-0.035753154241497866,-0.004744181552069343,True
current_fixed,other223,AP10,bge_vl_mllm_s2_retrieval_results_licensed,metaclip2_retrieval_results_image_only,0.2005386493427318,0.15031348252901502,0.17117420971070785,0.2307530772562696,0.12233143979050976,0.17839564892590554,-0.050225166813716776,-0.07040959361680242,-0.03190172874335065,True
current_fixed,other223,AP10,bge_vl_mllm_s2_retrieval_results_licensed,metaclip2_retrieval_results_text_only,0.15343692192862554,0.12598351055338378,0.12397882436379164,0.18222234721323147,0.10164899839134016,0.15183673224584798,-0.027453411375241765,-0.046182476070377204,-0.010173506875378425,True
current_fixed,other223,AP10,bge_vl_mllm_s2_retrieval_results_licensed,metaclip2_slerp_retrieval_results_licensed,0.11162181406268673,0.09064318742273339,0.0845568903824075,0.1388277510233762,0.06672054324609501,0.11533193563912171,-0.02097862663995334,-0.03708574877902831,-0.006163479906589756,True
current_fixed,other223,AP10,metaclip2_retrieval_results_combined,metaclip2_retrieval_results_image_only,0.09040457839522019,0.05976634598653994,0.07172132334626337,0.11037821015943117,0.04349035122203677,0.07722224542179092,-0.03063823240868025,-0.044815308008241767,-0.018207757995625136,True
current_fixed,other223,AP10,metaclip2_retrieval_results_combined,metaclip2_retrieval_results_text_only,0.043302850981113944,0.03543637401090868,0.02512375758381279,0.06168649102409514,0.021854401532771323,0.04982470113418139,-0.00786647697020526,-0.019722997693575422,0.003303007592036125,True
current_fixed,other223,AP10,metaclip2_retrieval_results_combined,metaclip2_slerp_retrieval_results_licensed,0.001487743115175133,9.605088025829711e-05,-0.0016450640454302619,0.004826483804379031,-0.002586674451717451,0.0028586566163393504,-0.001391692234916836,-0.0031747199722289873,0.0001383843755513702,True
current_fixed,other223,AP10,metaclip2_retrieval_results_image_only,metaclip2_retrieval_results_text_only,-0.047101727414106245,-0.024329971975631255,-0.0722844907740848,-0.023814569845880377,-0.044585016413456725,-0.005428739183347954,0.02277175543847499,0.010055341004360138,0.03775744403391974,True
current_fixed,other223,AP10,metaclip2_retrieval_results_image_only,metaclip2_slerp_retrieval_results_licensed,-0.08891683528004506,-0.05967029510628164,-0.1080483379283158,-0.07136738970322647,-0.0759714402154778,-0.04463719695550465,0.029246540173763415,0.017447818049825613,0.04269929662420146,True
current_fixed,other223,AP10,metaclip2_retrieval_results_text_only,metaclip2_slerp_retrieval_results_licensed,-0.04181510786593881,-0.035340323130650386,-0.06067470614409209,-0.022820141496753415,-0.0501893929348327,-0.021078535218786425,0.006474784735288425,-0.00479633581433297,0.017944519240496688,True
current_fixed,other223,P10,bge_vl_mllm_s1_retrieval_results_licensed,bge_vl_mllm_s1_retrieval_results_licensed_reranked,-0.04352331606217602,-0.03271650629163578,-0.05698908302071462,-0.030311810527263724,-0.04498914253897566,-0.020636583895580072,0.010806809770540243,0.0048142946317102624,0.01789803723585854,True
current_fixed,other223,P10,bge_vl_mllm_s1_retrieval_results_licensed,bge_vl_mllm_s2_retrieval_results_licensed,0.006143597335307005,0.004811250925240429,-0.0067018072289156145,0.01930089947939321,-0.007299393742854728,0.01724242029928423,-0.001332346410066576,-0.005409466967883471,0.0028215582876413717,True
current_fixed,other223,P10,bge_vl_mllm_s1_retrieval_results_licensed,metaclip2_retrieval_results_combined,0.07290895632864561,0.06646928201332347,0.05376647854276417,0.09172305405382966,0.04832078107978672,0.08461010980707606,-0.006439674315322136,-0.013252347103708189,0.0003733189077443134,True
current_fixed,other223,P10,bge_vl_mllm_s1_retrieval_results_licensed,metaclip2_retrieval_results_image_only,0.16395262768319774,0.1418948926720947,0.1383697991508463,0.190187415813061,0.11826913852647733,0.16642155935932004,-0.02205773501110303,-0.033186664813036046,-0.011272969189171951,True
current_fixed,other223,P10,bge_vl_mllm_s1_retrieval_results_licensed,metaclip2_retrieval_results_text_only,0.13826794966691336,0.12190969652109541,0.11725167489922217,0.15875054720872703,0.10194567467439003,0.14189496561076678,-0.016358253145817944,-0.024556572068708104,-0.00844604993160058,True
current_fixed,other223,P10,bge_vl_mllm_s1_retrieval_results_licensed,metaclip2_slerp_retrieval_results_licensed,0.06572908956328638,0.06025166543301258,0.046263094334783164,0.08437297490991183,0.04185262943334692,0.0782384191872002,-0.0054774241302738,-0.012409134658180549,0.001513205760413852,True
current_fixed,other223,P10,bge_vl_mllm_s1_retrieval_results_licensed_reranked,bge_vl_mllm_s2_retrieval_results_licensed,0.049666913397483026,0.037527757216876206,0.034119726401725656,0.06679110670236299,0.023405610836671333,0.05281124629338912,-0.01213915618060682,-0.02039077152318999,-0.005297435127874532,True
current_fixed,other223,P10,bge_vl_mllm_s1_retrieval_results_licensed_reranked,metaclip2_retrieval_results_combined,0.11643227239082163,0.09918578830495925,0.09754332485371554,0.13556657423431934,0.08095896695514042,0.11852176694691632,-0.01724648408586238,-0.024850746268656663,-0.01026184052511227,True
current_fixed,other223,P10,bge_vl_mllm_s1_retrieval_results_licensed_reranked,metaclip2_retrieval_results_image_only,0.20747594374537376,0.1746113989637305,0.18007276119402976,0.23526703012525166,0.14861968431149974,0.20089552238805952,-0.032864544781643246,-0.04714081370066052,-0.019900405855761555,True
current_fixed,other223,P10,bge_vl_mllm_s1_retrieval_results_licensed_reranked,metaclip2_retrieval_results_text_only,0.18179126572908938,0.1546262028127312,0.1587539647599533,0.20441778338770533,0.13221582629011197,0.17721488580895337,-0.027165062916358174,-0.0381061737972386,-0.017513223954748473,True
current_fixed,other223,P10,bge_vl_mllm_s1_retrieval_results_licensed_reranked,metaclip2_slerp_retrieval_results_licensed,0.1092524056254624,0.09296817172464836,0.09046432289022037,0.12815105309229374,0.07496119580331619,0.1115000939849625,-0.016284233900814044,-0.023640650250745927,-0.00946404142865862,True
current_fixed,other223,P10,bge_vl_mllm_s2_retrieval_results_licensed,metaclip2_retrieval_results_combined,0.0667653589933386,0.06165803108808304,0.048240254981351725,0.08577921485189267,0.04330978446976082,0.07976475904869015,-0.00510732790525556,-0.012742413406815497,0.0026320271723972526,True
current_fixed,other223,P10,bge_vl_mllm_s2_retrieval_results_licensed,metaclip2_retrieval_results_image_only,0.15780903034789073,0.13708364174685428,0.13381788617538629,0.18288651121498153,0.11349306633739079,0.16132680720404122,-0.020725388601036454,-0.0316440361560007,-0.010836946941086303,True
current_fixed,other223,P10,bge_vl_mllm_s2_retrieval_results_licensed,metaclip2_retrieval_results_text_only,0.13212435233160635,0.11709844559585499,0.11156850202584428,0.15290119240751915,0.0972699449092022,0.13753675738466656,-0.015025906735751368,-0.024055121275562568,-0.006480555555555511,True
current_fixed,other223,P10,bge_vl_mllm_s2_retrieval_results_licensed,metaclip2_slerp_retrieval_results_licensed,0.059585492227979375,0.05544041450777215,0.040689972177701796,0.07841865571062133,0.03702241861197507,0.07343597133509905,-0.004145077720207224,-0.011865893181590224,0.0038015181938706438,True
current_fixed,other223,P10,metaclip2_retrieval_results_combined,metaclip2_retrieval_results_image_only,0.09104367135455212,0.07542561065877125,0.07195815282853679,0.11022120628554449,0.05827760261019695,0.09368201093398275,-0.015618060695780867,-0.025580232406319375,-0.0066665433012583295,True
current_fixed,other223,P10,metaclip2_retrieval_results_combined,metaclip2_retrieval_results_text_only,0.06535899333826775,0.05544041450777194,0.05149962463903379,0.07978486239839949,0.042236904424781625,0.06913456319155793,-0.009918578830495808,-0.0159942773294204,-0.004441028088355581,True
current_fixed,other223,P10,metaclip2_retrieval_results_combined,metaclip2_slerp_retrieval_results_licensed,-0.007179866765359227,-0.006217616580310892,-0.010342326046798106,-0.004142011834319587,-0.009198029192791677,-0.0033088235294118076,0.0009622501850483356,-0.00022222222222212373,0.0021339276099715397,True
current_fixed,other223,P10,metaclip2_retrieval_results_image_only,metaclip2_retrieval_results_text_only,-0.025684678016284365,-0.019985196150999307,-0.048623337411380876,-0.0030481575347754914,-0.040392583215049856,0.00015400979718258688,0.005699481865285058,-0.0035929352748247834,0.015545761369338214,True
current_fixed,other223,P10,metaclip2_retrieval_results_image_only,metaclip2_slerp_retrieval_results_licensed,-0.09822353811991134,-0.08164322723908214,-0.11702202911867687,-0.07947169157806397,-0.09977915517472212,-0.06481745571042705,0.016580310880829202,0.007558916955750383,0.026797531728182944,True
current_fixed,other223,P10,metaclip2_retrieval_results_text_only,metaclip2_slerp_retrieval_results_licensed,-0.07253886010362698,-0.061658031088082835,-0.08829658678286129,-0.057390616036362065,-0.0767857306926926,-0.04721687392618221,0.010880829015544144,0.004838559779350082,0.017488831864141064,True
current_fixed,other223,AP_range,bge_vl_mllm_s1_retrieval_results_licensed,bge_vl_mllm_s1_retrieval_results_licensed_reranked,-0.058415496866409816,-0.0448169763254912,-0.0914121524206669,-0.024935822532124594,-0.07195185994897636,-0.01847256408099581,0.013598520540918618,-0.005010396837061251,0.03282802221295304,True
current_fixed,other223,AP_range,bge_vl_mllm_s1_retrieval_results_licensed,bge_vl_mllm_s2_retrieval_results_licensed,0.025045567554375814,0.022568421946090905,0.0013855343349409852,0.0488137965062567,0.002365775401553689,0.04370134652153723,-0.0024771456082849086,-0.01524960807815437,0.009707208993999697,True
current_fixed,other223,AP_range,bge_vl_mllm_s1_retrieval_results_licensed,metaclip2_retrieval_results_combined,0.05655161229912983,0.05574353072070867,0.02629488004877615,0.08593180027782577,0.02955120388940438,0.08106787241405161,-0.0008080815784211604,-0.01785390848520479,0.01668032861708061,True
current_fixed,other223,AP_range,bge_vl_mllm_s1_retrieval_results_licensed,metaclip2_retrieval_results_image_only,0.24740853582755132,0.20189780001852914,0.22065678479250195,0.27480893303700965,0.1758171366621143,0.22894238666426164,-0.04551073580902218,-0.06496911297012833,-0.027433496368856697,True
current_fixed,other223,AP_range,bge_vl_mllm_s1_retrieval_results_licensed,metaclip2_retrieval_results_text_only,0.026262032009282538,0.036085915847820366,-0.009609518885468769,0.061500308761137795,0.006608131478176645,0.06624307000339984,0.009823883838537828,-0.009062640577722669,0.029586295927427335,True
current_fixed,other223,AP_range,bge_vl_mllm_s1_retrieval_results_licensed,metaclip2_slerp_retrieval_results_licensed,0.08032858987308575,0.07331569664902987,0.05034354838842264,0.10949019785741095,0.04778524939811322,0.09842048377675464,-0.007012893224055877,-0.024497887839590657,0.01082850750837351,True
current_fixed,other223,AP_range,bge_vl_mllm_s1_retrieval_results_licensed_reranked,bge_vl_mllm_s2_retrieval_results_licensed,0.08346106442078563,0.0673853982715821,0.051422308104500776,0.11576909531623077,0.04090565899225151,0.09462690402544258,-0.016075666149203527,-0.03352959709844375,0.0013813772983264883,True
current_fixed,other223,AP_range,bge_vl_mllm_s1_retrieval_results_licensed_reranked,metaclip2_retrieval_results_combined,0.11496710916553965,0.10056050704619987,0.08046402312672651,0.1492149667105546,0.07276392711672007,0.12895024279551215,-0.014406602119339779,-0.03473381581514831,0.005888909810667935,True
current_fixed,other223,AP_range,bge_vl_mllm_s1_retrieval_results_licensed_reranked,metaclip2_retrieval_results_image_only,0.30582403269396113,0.24671477634402034,0.2755943369341411,0.3377186344412775,0.21832786221624992,0.2761115203467209,-0.0591092563499408,-0.08258635437891515,-0.03728851352925718,True
current_fixed,other223,AP_range,bge_vl_mllm_s1_retrieval_results_licensed_reranked,metaclip2_retrieval_results_text_only,0.08467752887569235,0.08090289217331156,0.042302341634785516,0.1263757594892508,0.04889426607485729,0.11438005955274413,-0.0037746367023807903,-0.027904342625281457,0.020820108086309713,True
current_fixed,other223,AP_range,bge_vl_mllm_s1_retrieval_results_licensed_reranked,metaclip2_slerp_retrieval_results_licensed,0.13874408673949556,0.11813267297452107,0.10574365711479693,0.1724151885290021,0.09079649059119449,0.14594938190370702,-0.020611413764974496,-0.04101668526143079,2.466412408218425e-05,True
current_fixed,other223,AP_range,bge_vl_mllm_s2_retrieval_results_licensed,metaclip2_retrieval_results_combined,0.03150604474475402,0.03317510877461777,0.0009193106157018595,0.062463425637418926,0.007045751957785999,0.060160822981508266,0.0016690640298637482,-0.01277248864969103,0.01694660428697234,True
current_fixed,other223,AP_range,bge_vl_mllm_s2_retrieval_results_licensed,metaclip2_retrieval_results_image_only,0.2223629682731755,0.17932937807243823,0.19773338643670998,0.24866680468705202,0.1548269981909641,0.2060887522850862,-0.04303359020073727,-0.05918437336276998,-0.028574291391678615,True
current_fixed,other223,AP_range,bge_vl_mllm_s2_retrieval_results_licensed,metaclip2_retrieval_results_text_only,0.0012164644549067238,0.01351749390172946,-0.0337194587062518,0.035895492053594914,-0.014137214824536984,0.042400895076044,0.012301029446822737,-0.005569796104789652,0.03129000590895511,True
current_fixed,other223,AP_range,bge_vl_mllm_s2_retrieval_results_licensed,metaclip2_slerp_retrieval_results_licensed,0.055283022318709935,0.050747274702938966,0.02659581885714871,0.0849603265755302,0.02556594582484992,0.07678236851519857,-0.004535747615770969,-0.018919105901840306,0.009965137271819208,True
current_fixed,other223,AP_range,metaclip2_retrieval_results_combined,metaclip2_retrieval_results_image_only,0.19085692352842148,0.14615426929782047,0.16782856484737718,0.21635478302589087,0.12523723083610178,0.169167694231297,-0.04470265423060102,-0.062239944214785965,-0.029715573648625336,True
current_fixed,other223,AP_range,metaclip2_retrieval_results_combined,metaclip2_retrieval_results_text_only,-0.030289580289847295,-0.019657614872888307,-0.05441526264430521,-0.007058583157665504,-0.03903720942216011,-0.0005546944965375738,0.010631965416958988,-0.0018817421564546715,0.024269084352406087,True
current_fixed,other223,AP_range,metaclip2_retrieval_results_combined,metaclip2_slerp_retrieval_results_licensed,0.023776977573955915,0.0175721659283212,0.015790583363978348,0.03248113649766738,0.011796887176991563,0.023430250749744846,-0.006204811645634717,-0.012581405743668644,-0.0007870275915826095,True
current_fixed,other223,AP_range,metaclip2_retrieval_results_image_only,metaclip2_retrieval_results_text_only,-0.22114650381826878,-0.16581188417070877,-0.25572122200521724,-0.1887944492263474,-0.19468537606171096,-0.13868725380288344,0.05533461964756001,0.03512194382021194,0.0776193323620608,True
current_fixed,other223,AP_range,metaclip2_retrieval_results_image_only,metaclip2_slerp_retrieval_results_licensed,-0.16707994595446557,-0.12858210336949927,-0.1901693187250281,-0.1456540370880407,-0.15055178008088682,-0.10947144951913515,0.0384978425849663,0.024457267316770778,0.05442211370042976,True
current_fixed,other223,AP_range,metaclip2_retrieval_results_text_only,metaclip2_slerp_retrieval_results_licensed,0.05406655786380321,0.037229780801209506,0.02842005712422376,0.08028082693669499,0.016508623132178376,0.05800014552152296,-0.016836777062593705,-0.03198877316109417,-0.002851484790089532,True
current_fixed,other223,P_range,bge_vl_mllm_s1_retrieval_results_licensed,bge_vl_mllm_s1_retrieval_results_licensed_reranked,-0.02511210762331853,-0.026905829596412772,-0.04343891402714928,-0.00720639922433644,-0.044444444444444536,-0.009860062150893094,-0.0017937219730942422,-0.009736686156763746,0.005479452054794499,True
current_fixed,other223,P_range,bge_vl_mllm_s1_retrieval_results_licensed,bge_vl_mllm_s2_retrieval_results_licensed,0.015695067264573898,0.012556053811659168,-0.0013579330814895525,0.032882882882882936,-0.0031818181818182023,0.02857142857142858,-0.0031390134529147296,-0.009589041095890372,0.0032463023088023344,True
current_fixed,other223,P_range,bge_vl_mllm_s1_retrieval_results_licensed,metaclip2_retrieval_results_combined,-0.01165919282511213,-0.011659192825112158,-0.03256906679397247,0.009212564042850431,-0.03111184210526319,0.008145721925133726,-2.7755575615628914e-17,-0.00772727272727264,0.009375000000000105,True
current_fixed,other223,P_range,bge_vl_mllm_s1_retrieval_results_licensed,metaclip2_retrieval_results_image_only,0.17219730941704045,0.14887892376681622,0.15112058236700177,0.19315223455030073,0.1278255020471827,0.1698284718941899,-0.023318385650224233,-0.03362831858407073,-0.014153792770502804,True
current_fixed,other223,P_range,bge_vl_mllm_s1_retrieval_results_licensed,metaclip2_retrieval_results_text_only,-0.026905829596412523,-0.02421524663677127,-0.05339366515837102,-0.00042763157894750293,-0.0475593272171254,0.0004445440956652224,0.0026905829596412523,-0.008182752179327544,0.013965543597896542,True
current_fixed,other223,P_range,bge_vl_mllm_s1_retrieval_results_licensed,metaclip2_slerp_retrieval_results_licensed,0.006278026905829487,0.006726457399103131,-0.013334821428571406,0.02590909090909083,-0.011210762331838462,0.025002802690582995,0.0004484304932736438,-0.0077272727272727215,0.009590140756566574,True
current_fixed,other223,P_range,bge_vl_mllm_s1_retrieval_results_licensed_reranked,bge_vl_mllm_s2_retrieval_results_licensed,0.04080717488789243,0.03946188340807194,0.020703279715475087,0.061187706660368664,0.02053368506493516,0.058771929824561586,-0.0013452914798204874,-0.008968609865470715,0.006637905604719818,True
current_fixed,other223,P_range,bge_vl_mllm_s1_retrieval_results_licensed_reranked,metaclip2_retrieval_results_combined,0.0134529147982064,0.015246636771300615,-0.008257882296382303,0.035218652950310556,-0.004091376089663567,0.0348214285714287,0.0017937219730942144,-0.008109025314907667,0.012274128268991285,True
current_fixed,other223,P_range,bge_vl_mllm_s1_retrieval_results_licensed_reranked,metaclip2_retrieval_results_image_only,0.19730941704035898,0.175784753363229,0.17685414067373684,0.21814159292035412,0.15502128820960706,0.19741071428571424,-0.02152466367712999,-0.03172004100773463,-0.012499999999999928,True
current_fixed,other223,P_range,bge_vl_mllm_s1_retrieval_results_licensed_reranked,metaclip2_retrieval_results_text_only,-0.0017937219730939924,0.002690582959641502,-0.028440564694716643,0.024553767230576628,-0.02044444444444432,0.02690885953217798,0.0044843049327354945,-0.0067881016042781,0.01651970892056379,False
current_fixed,other223,P_range,bge_vl_mllm_s1_retrieval_results_licensed_reranked,metaclip2_slerp_retrieval_results_licensed,0.03139013452914802,0.0336322869955159,0.010858505564387961,0.051769911504424726,0.014611619590253451,0.05315386977886991,0.002242152466367886,-0.0076241768674503805,0.012389380530973495,True
current_fixed,other223,P_range,bge_vl_mllm_s2_retrieval_results_licensed,metaclip2_retrieval_results_combined,-0.027354260089686028,-0.024215246636771326,-0.04866101058786354,-0.005803571428571374,-0.043751382743362925,-0.003981862305563024,0.003139013452914702,-0.006250700672645882,0.013181818181818019,True
current_fixed,other223,P_range,bge_vl_mllm_s2_retrieval_results_licensed,metaclip2_retrieval_results_image_only,0.15650224215246655,0.13632286995515705,0.13839193982387474,0.17477755152412694,0.11863636363636366,0.15478401122019644,-0.020179372197309503,-0.029778746177370103,-0.011659192825112075,True
current_fixed,other223,P_range,bge_vl_mllm_s2_retrieval_results_licensed,metaclip2_retrieval_results_text_only,-0.04260089686098642,-0.03677130044843044,-0.06973786549707604,-0.015313598351714842,-0.06133333333333338,-0.011870797011207924,0.005829596412555982,-0.004867256637168195,0.017117117117117057,True
current_fixed,other223,P_range,bge_vl_mllm_s2_retrieval_results_licensed,metaclip2_slerp_retrieval_results_licensed,-0.00941704035874441,-0.005829596412556037,-0.02914937100678609,0.010714285714285733,-0.023660714285714247,0.013100980062834777,0.0035874439461883734,-0.0044642857142856715,0.0122171945701358,True
current_fixed,other223,P_range,metaclip2_retrieval_results_combined,metaclip2_retrieval_results_image_only,0.18385650224215258,0.16053811659192838,0.16198826167238192,0.20535774343369648,0.13936614923747281,0.18201867476988437,-0.023318385650224205,-0.0344982030374464,-0.013574660633484115,True
current_fixed,other223,P_range,metaclip2_retrieval_results_combined,metaclip2_retrieval_results_text_only,-0.015246636771300393,-0.012556053811659112,-0.034821428571428586,0.004091376089663671,-0.029729729729729704,0.004525401069518749,0.00269058295964128,-0.0068807339449541444,0.011872146118721368,True
current_fixed,other223,P_range,metaclip2_retrieval_results_combined,metaclip2_slerp_retrieval_results_licensed,0.017937219730941617,0.01838565022421529,0.009373958333333356,0.026389959618208517,0.010313901345291504,0.026406926406926434,0.00044843049327367157,-0.003587443946188318,0.004504504504504515,True
current_fixed,other223,P_range,metaclip2_retrieval_results_image_only,metaclip2_retrieval_results_text_only,-0.19910313901345297,-0.1730941704035875,-0.22718894009216592,-0.17085062899321404,-0.1995497975949518,-0.14687500000000003,0.026008968609865485,0.01422409003831419,0.03927020398396853,True
current_fixed,other223,P_range,metaclip2_retrieval_results_image_only,metaclip2_slerp_retrieval_results_licensed,-0.16591928251121096,-0.1421524663677131,-0.185840808986948,-0.14608685634141455,-0.1621008086416028,-0.12252252252252253,0.023766816143497876,0.013901345291479877,0.03438914027149326,True
current_fixed,other223,P_range,metaclip2_retrieval_results_text_only,metaclip2_slerp_retrieval_results_licensed,0.03318385650224201,0.0309417040358744,0.012443067846607677,0.05433814770696852,0.012162162162162177,0.04999999999999999,-0.0022421524663676085,-0.011947769259002483,0.007798165137614612,True
common_fixed,all344,AP10,bge_vl_mllm_s1_retrieval_results_licensed,bge_vl_mllm_s1_retrieval_results_licensed_reranked,-0.05800676591382731,-0.042882451218058615,-0.07640779736789904,-0.039462483396114564,-0.05855906983031545,-0.027090208069351404,0.015124314695768692,0.0032577418212482757,0.027392002665724034,True
common_fixed,all344,AP10,bge_vl_mllm_s1_retrieval_results_licensed,bge_vl_mllm_s2_retrieval_results_licensed,0.030273420198469736,0.02765194603377899,0.014721835182898546,0.045634391273711286,0.014032951921665695,0.041489377871903085,-0.002621474164690746,-0.010572716770777375,0.0057557438345670515,True
common_fixed,all344,AP10,bge_vl_mllm_s1_retrieval_results_licensed,metaclip2_retrieval_results_combined,0.10234189192633497,0.0845964288832893,0.07919525111976099,0.1256641168286807,0.06293853175595676,0.10564207933586005,-0.017745463043045667,-0.03325034643559784,-0.0029954469937704706,True
common_fixed,all344,AP10,bge_vl_mllm_s1_retrieval_results_licensed,metaclip2_retrieval_results_image_only,0.20287955755516013,0.16327511818364948,0.17568628584784185,0.23060159275605369,0.13900562704368166,0.18756047977796367,-0.03960443937151065,-0.05582118162347365,-0.025174051204319436,True
common_fixed,all344,AP10,bge_vl_mllm_s1_retrieval_results_licensed,metaclip2_retrieval_results_text_only,0.1338488519445631,0.11021087499792101,0.10729064064927643,0.15951848522236572,0.08725609475751768,0.133779896828796,-0.023637976946642103,-0.04083904664955724,-0.0071457431967282365,True
common_fixed,all344,AP10,bge_vl_mllm_s1_retrieval_results_licensed,metaclip2_slerp_retrieval_results_licensed,0.10717153995189499,0.0902694162537786,0.08417478081048896,0.13063678826564049,0.06909761428006712,0.11089580873407545,-0.01690212369811639,-0.03193397404480448,-0.0028761490255197627,True
common_fixed,all344,AP10,bge_vl_mllm_s1_retrieval_results_licensed_reranked,bge_vl_mllm_s2_retrieval_results_licensed,0.08828018611229704,0.0705343972518376,0.06722472047229255,0.11040836137839773,0.05144926540667847,0.09017394255695287,-0.017745788860459438,-0.029172022647551598,-0.007170950155183717,True
common_fixed,all344,AP10,bge_vl_mllm_s1_retrieval_results_licensed_reranked,metaclip2_retrieval_results_combined,0.16034865784016228,0.12747888010134792,0.13772349404366466,0.18312554146913282,0.10579094074993749,0.1486295959998608,-0.03286977773881436,-0.047708910677907924,-0.019471849511346326,True
common_fixed,all344,AP10,bge_vl_mllm_s1_retrieval_results_licensed_reranked,metaclip2_retrieval_results_image_only,0.26088632346898744,0.2061575694017081,0.23168724544648334,0.28994368915104207,0.1803900522884865,0.2318346219361536,-0.05472875406727934,-0.07342024331462646,-0.03818413347189091,True
common_fixed,all344,AP10,bge_vl_mllm_s1_retrieval_results_licensed_reranked,metaclip2_retrieval_results_text_only,0.19185561785839042,0.15309332621597962,0.16431410955867587,0.21887997832381825,0.12968698323742697,0.17735593147832907,-0.038762291642410796,-0.05635136348788427,-0.022046433893578653,True
common_fixed,all344,AP10,bge_vl_mllm_s1_retrieval_results_licensed_reranked,metaclip2_slerp_retrieval_results_licensed,0.1651783058657223,0.13315186747183722,0.14239510140330575,0.1881789087785633,0.11178147048370567,0.15450279620132032,-0.03202643839388508,-0.04638617233599473,-0.018965929596614216,True
common_fixed,all344,AP10,bge_vl_mllm_s2_retrieval_results_licensed,metaclip2_retrieval_results_combined,0.07206847172786524,0.056944482849510314,0.048569545485902,0.09460565926153576,0.035698160871470166,0.07743253157334988,-0.015123988878354921,-0.028337761497435006,-0.0025011562024114167,True
common_fixed,all344,AP10,bge_vl_mllm_s2_retrieval_results_licensed,metaclip2_retrieval_results_image_only,0.1726061373566904,0.13562317214987052,0.1488625831029634,0.19752914949648565,0.11367628173665562,0.15800918019737395,-0.03698296520681987,-0.051487271369739684,-0.023867696372965555,True
common_fixed,all344,AP10,bge_vl_mllm_s2_retrieval_results_licensed,metaclip2_retrieval_results_text_only,0.10357543174609338,0.08255892896414202,0.07934784468016232,0.12829420803900313,0.06153104122096319,0.10359535819335944,-0.021016502781951357,-0.0362153526249519,-0.006658175970949694,True
common_fixed,all344,AP10,bge_vl_mllm_s2_retrieval_results_licensed,metaclip2_slerp_retrieval_results_licensed,0.07689811975342525,0.06261747021999961,0.053974635780421304,0.09894973899029613,0.042290211402200746,0.08274742732382953,-0.014280649533425643,-0.026983557140820937,-0.002044464545673539,True
common_fixed,all344,AP10,metaclip2_retrieval_results_combined,metaclip2_retrieval_results_image_only,0.10053766562882516,0.07867868930036019,0.08190890926663776,0.12093939976392082,0.06258327172080808,0.09576970797324456,-0.021858976328464966,-0.03376927820434975,-0.010499846576561566,True
common_fixed,all344,AP10,metaclip2_retrieval_results_combined,metaclip2_retrieval_results_text_only,0.03150696001822814,0.025614446114631706,0.015603517309676958,0.04753380531197924,0.012823686991580827,0.03928682841285925,-0.005892513903596436,-0.01583900979779859,0.0031638149554140283,True
common_fixed,all344,AP10,metaclip2_retrieval_results_combined,metaclip2_slerp_retrieval_results_licensed,0.004829648025560018,0.005672987370489296,0.0010495879227617863,0.008838020153732874,0.0020020928956871516,0.009700346909382786,0.0008433393449292781,-0.0013101653374696404,0.003029283174807242,True
common_fixed,all344,AP10,metaclip2_retrieval_results_image_only,metaclip2_retrieval_results_text_only,-0.06903070561059702,-0.053064243185728485,-0.09415880411875518,-0.04601632891436908,-0.07316906791555366,-0.03417927230141285,0.01596646242486853,0.004235504112961579,0.029215516788232147,True
common_fixed,all344,AP10,metaclip2_retrieval_results_image_only,metaclip2_slerp_retrieval_results_licensed,-0.09570801760326514,-0.0730057019298709,-0.11425033667376559,-0.07858008109614154,-0.08810181988655828,-0.058762603628724284,0.022702315673394244,0.012124665757179296,0.033879570144017976,True
common_fixed,all344,AP10,metaclip2_retrieval_results_text_only,metaclip2_slerp_retrieval_results_licensed,-0.026677311992668123,-0.01994145874414241,-0.0442500707028261,-0.008881730998793679,-0.0340433890328488,-0.006094515819821798,0.006735853248525714,-0.0025270292452282362,0.01649455578973555,True
common_fixed,all344,P10,bge_vl_mllm_s1_retrieval_results_licensed,bge_vl_mllm_s1_retrieval_results_licensed_reranked,-0.043215158924205355,-0.031845965770171125,-0.053974908920761816,-0.032640082986953214,-0.0411291083384052,-0.022721678212985243,0.01136919315403423,0.006272821786102911,0.017245492434746632,True
common_fixed,all344,P10,bge_vl_mllm_s1_retrieval_results_licensed,bge_vl_mllm_s2_retrieval_results_licensed,0.012775061124694453,0.012163814180929156,0.0015860563653022645,0.024000649350649255,0.0023809523809524267,0.022356612059291507,-0.0006112469437652979,-0.004744654385652578,0.0038027332144978435,True
common_fixed,all344,P10,bge_vl_mllm_s1_retrieval_results_licensed,metaclip2_retrieval_results_combined,0.06253056234718837,0.05293398533007354,0.04525240737478726,0.07945538910304958,0.036938796504507064,0.06900905996334106,-0.009596577017114832,-0.016337045403088613,-0.0028294323398944145,True
common_fixed,all344,P10,bge_vl_mllm_s1_retrieval_results_licensed,metaclip2_retrieval_results_image_only,0.15690709046454793,0.12738386308068475,0.13233129776200872,0.1823044986175902,0.1055890823058254,0.15000161082474223,-0.029523227383863176,-0.04006287661732267,-0.019447712801510385,True
common_fixed,all344,P10,bge_vl_mllm_s1_retrieval_results_licensed,metaclip2_retrieval_results_text_only,0.12243276283618601,0.09792176039119822,0.1029729233452037,0.141426322958091,0.08017201204719344,0.11542739762344026,-0.024511002444987787,-0.03285830904019853,-0.016824545996092795,True
common_fixed,all344,P10,bge_vl_mllm_s1_retrieval_results_licensed,metaclip2_slerp_retrieval_results_licensed,0.05715158924205396,0.04877750611246959,0.04012243224153134,0.07413159556965733,0.03307272462537295,0.06465765550943507,-0.008374083129584375,-0.015000000000000069,-0.0014517371105387744,True
common_fixed,all344,P10,bge_vl_mllm_s1_retrieval_results_licensed_reranked,bge_vl_mllm_s2_retrieval_results_licensed,0.05599022004889981,0.04400977995110028,0.041518895049316024,0.07029952676066444,0.031498581244236504,0.05674212172522021,-0.011980440097799527,-0.018667404674046734,-0.005914064430841821,True
common_fixed,all344,P10,bge_vl_mllm_s1_retrieval_results_licensed_reranked,metaclip2_retrieval_results_combined,0.10574572127139373,0.08477995110024467,0.08762774677638022,0.12456903553170252,0.06791932397959174,0.10170740337783966,-0.020965770171149062,-0.028536303875982803,-0.014044556931958066,True
common_fixed,all344,P10,bge_vl_mllm_s1_retrieval_results_licensed_reranked,metaclip2_retrieval_results_image_only,0.20012224938875328,0.15922982885085588,0.173280340952888,0.22738542399321915,0.13543469291227636,0.18262072076495361,-0.040892420537897406,-0.05375065222318588,-0.029032258064516172,True
common_fixed,all344,P10,bge_vl_mllm_s1_retrieval_results_licensed_reranked,metaclip2_retrieval_results_text_only,0.16564792176039136,0.12976772616136933,0.1441941750989555,0.1867948621553885,0.1102965396548001,0.14891941796139363,-0.03588019559902203,-0.046405096180058905,-0.026636319582942537,True
common_fixed,all344,P10,bge_vl_mllm_s1_retrieval_results_licensed_reranked,metaclip2_slerp_retrieval_results_licensed,0.10036674816625932,0.08062347188264071,0.08241630117562468,0.11862419516035905,0.06421567378913444,0.09709668560606068,-0.019743276283618605,-0.027114738549589387,-0.012943122987562354,True
common_fixed,all344,P10,bge_vl_mllm_s2_retrieval_results_licensed,metaclip2_retrieval_results_combined,0.04975550122249392,0.040770171149144385,0.031968939243051234,0.06694463270182664,0.02506055391674859,0.056407353123642784,-0.008985330073349534,-0.01657518460505712,-0.001459765431223804,True
common_fixed,all344,P10,bge_vl_mllm_s2_retrieval_results_licensed,metaclip2_retrieval_results_image_only,0.14413202933985347,0.1152200488997556,0.12135242962655919,0.16690926180287738,0.0947466288409107,0.13571586599241467,-0.02891198044009788,-0.03915488790830654,-0.019122865002855677,True
common_fixed,all344,P10,bge_vl_mllm_s2_retrieval_results_licensed,metaclip2_retrieval_results_text_only,0.10965770171149156,0.08575794621026907,0.09084673667568736,0.12825969955085903,0.06958085299756514,0.1020721930225472,-0.02389975550122249,-0.033353810247306014,-0.015293174318095307,True
common_fixed,all344,P10,bge_vl_mllm_s2_retrieval_results_licensed,metaclip2_slerp_retrieval_results_licensed,0.04437652811735951,0.03661369193154043,0.02680226697746626,0.061691872631899215,0.02114376958872936,0.051968751770237305,-0.0077628361858190775,-0.015210075262319538,-0.00012247210044347219,True
common_fixed,all344,P10,metaclip2_retrieval_results_combined,metaclip2_retrieval_results_image_only,0.09437652811735954,0.07444987775061121,0.07533398467272413,0.1147082195303125,0.057910494379574205,0.09143972449376944,-0.01992665036674833,-0.02986672355491717,-0.011025811404933855,True
common_fixed,all344,P10,metaclip2_retrieval_results_combined,metaclip2_retrieval_results_text_only,0.05990220048899764,0.04498777506112468,0.048145758634404706,0.07231538319385032,0.03480420400444159,0.05590673697206162,-0.014914425427872954,-0.020823202410640063,-0.009689287794766353,True
common_fixed,all344,P10,metaclip2_retrieval_results_combined,metaclip2_slerp_retrieval_results_licensed,-0.00537897310513441,-0.004156479217603953,-0.008373979319827167,-0.002400278764261794,-0.006877135781058525,-0.0013621980019622973,0.001222493887530457,6.288325471702356e-05,0.0025324665533136568,True
common_fixed,all344,P10,metaclip2_retrieval_results_image_only,metaclip2_retrieval_results_text_only,-0.0344743276283619,-0.029462102689486527,-0.0566551859268253,-0.013019730928267588,-0.047933616185747596,-0.011480524149415385,0.005012224938875376,-0.00401537079746813,0.014225864850890885,True
common_fixed,all344,P10,metaclip2_retrieval_results_image_only,metaclip2_slerp_retrieval_results_licensed,-0.09975550122249395,-0.07860635696821516,-0.11925626256071746,-0.08131866470893082,-0.09514056423056828,-0.06277049950080665,0.021149144254278787,0.012331802312271035,0.03109227256892607,True
common_fixed,all344,P10,metaclip2_retrieval_results_text_only,metaclip2_slerp_retrieval_results_licensed,-0.06528117359413205,-0.049144254278728636,-0.07896030423213825,-0.05206356731563094,-0.0613106505257343,-0.03764150271587001,0.01613691931540341,0.01033825883391933,0.022758666859502053,True
common_fixed,all344,AP_range,bge_vl_mllm_s1_retrieval_results_licensed,bge_vl_mllm_s1_retrieval_results_licensed_reranked,-0.05738162874826025,-0.05504671176246903,-0.0842745187827185,-0.031948206770081894,-0.07978049453146131,-0.03138707983750819,0.002334916985791219,-0.01975330502584968,0.024297682209193577,True
common_fixed,all344,AP_range,bge_vl_mllm_s1_retrieval_results_licensed,bge_vl_mllm_s2_retrieval_results_licensed,0.01944629050882335,0.02682620102845029,0.001247721311833077,0.03754940888427597,0.00872505047262385,0.044930008199659574,0.007379910519626942,-0.006012466221982751,0.02109135533022948,True
common_fixed,all344,AP_range,bge_vl_mllm_s1_retrieval_results_licensed,metaclip2_retrieval_results_combined,0.03602054878258526,0.045742044084272904,0.013313191935734155,0.05917388100559161,0.019914463665291076,0.07050481879965224,0.009721495301687644,-0.00930593170440974,0.02862968055234786,True
common_fixed,all344,AP_range,bge_vl_mllm_s1_retrieval_results_licensed,metaclip2_retrieval_results_image_only,0.21519086864621478,0.19933175374837647,0.19238607802904192,0.23805590428324966,0.1743144862909272,0.2233884216228338,-0.01585911489783831,-0.03472874679627004,0.0011538074942973784,True
common_fixed,all344,AP_range,bge_vl_mllm_s1_retrieval_results_licensed,metaclip2_retrieval_results_text_only,-0.0032199314056633177,0.025919488233997895,-0.03456224157689571,0.029505790573293562,-0.0037736586533971207,0.0554078149673585,0.029139419639661213,0.008762515835268138,0.04997585591917438,False
common_fixed,all344,AP_range,bge_vl_mllm_s1_retrieval_results_licensed,metaclip2_slerp_retrieval_results_licensed,0.057048424877672754,0.06532564122409942,0.034322646097013625,0.08016866532118812,0.04204490079099155,0.08810867914356933,0.008277216346426669,-0.009344633691130436,0.025812530269222388,True
common_fixed,all344,AP_range,bge_vl_mllm_s1_retrieval_results_licensed_reranked,bge_vl_mllm_s2_retrieval_results_licensed,0.0768279192570836,0.08187291279091932,0.05243265243905401,0.10190833421827301,0.057284813545579946,0.10907738019324213,0.005044993533835723,-0.016339505145067292,0.026549234852693435,True
common_fixed,all344,AP_range,bge_vl_mllm_s1_retrieval_results_licensed_reranked,metaclip2_retrieval_results_combined,0.09340217753084551,0.10078875584674193,0.06733915691452153,0.12072175748192783,0.07343873906716084,0.13012403035652065,0.007386578315896425,-0.013950714795951748,0.029199623359503168,True
common_fixed,all344,AP_range,bge_vl_mllm_s1_retrieval_results_licensed_reranked,metaclip2_retrieval_results_image_only,0.27257249739447503,0.2543784655108455,0.2467777905196981,0.2993179398007723,0.2258504490555728,0.28318935790253774,-0.018194031883629558,-0.040750538827545674,0.0039509277273586715,True
common_fixed,all344,AP_range,bge_vl_mllm_s1_retrieval_results_licensed_reranked,metaclip2_retrieval_results_text_only,0.05416169734259693,0.08096619999646693,0.017936722623734944,0.0912946738653745,0.048768817504155584,0.11502812697580772,0.026804502653869994,0.0037367879297481943,0.05084263699925911,True
common_fixed,all344,AP_range,bge_vl_mllm_s1_retrieval_results_licensed_reranked,metaclip2_slerp_retrieval_results_licensed,0.114430053625933,0.12037235298656845,0.0890726908669175,0.14177177570280247,0.09498998837997118,0.14778866886743108,0.00594229936063545,-0.01580119505019573,0.0275102364245235,True
common_fixed,all344,AP_range,bge_vl_mllm_s2_retrieval_results_licensed,metaclip2_retrieval_results_combined,0.01657425827376191,0.018915843055822612,-0.006161246441663664,0.04061941948604041,-0.006844567211183335,0.04482196377766002,0.0023415847820607016,-0.015049894497566217,0.01981941106528271,True
common_fixed,all344,AP_range,bge_vl_mllm_s2_retrieval_results_licensed,metaclip2_retrieval_results_image_only,0.19574457813739143,0.17250555271992618,0.1747036277298887,0.21753810776316027,0.14938616756462686,0.19621447036636216,-0.023239025417465253,-0.03970558554770296,-0.007308913175885529,True
common_fixed,all344,AP_range,bge_vl_mllm_s2_retrieval_results_licensed,metaclip2_retrieval_results_text_only,-0.022666221914486667,-0.0009067127944523967,-0.05522773959802826,0.010426838522096258,-0.031522542811615595,0.030397860537020056,0.02175950912003427,0.0028119591460061266,0.04106084567515764,True
common_fixed,all344,AP_range,bge_vl_mllm_s2_retrieval_results_licensed,metaclip2_slerp_retrieval_results_licensed,0.037602134368849405,0.03849944019564913,0.015333459174400066,0.0612088288250185,0.015184808943965337,0.0621751398722069,0.0008973058267997269,-0.01590591288110396,0.01829978708792634,True
common_fixed,all344,AP_range,metaclip2_retrieval_results_combined,metaclip2_retrieval_results_image_only,0.17917031986362952,0.15358970966410357,0.15881804501821822,0.19815405559692642,0.1322004924775694,0.17499389409469435,-0.025580610199525955,-0.04219898528066237,-0.009976923805466109,True
common_fixed,all344,AP_range,metaclip2_retrieval_results_combined,metaclip2_retrieval_results_text_only,-0.03924048018824858,-0.01982255585027501,-0.0632119414454124,-0.015923154745534813,-0.04008325164263863,-0.00020263789076180392,0.01941792433797357,0.004845134273074439,0.034764949078787424,True
common_fixed,all344,AP_range,metaclip2_retrieval_results_combined,metaclip2_slerp_retrieval_results_licensed,0.021027876095087494,0.01958359713982652,0.014037991916828158,0.028710392126273517,0.0115728731378309,0.02861836345538413,-0.0014442789552609747,-0.006567773405658623,0.004184074706541092,True
common_fixed,all344,AP_range,metaclip2_retrieval_results_image_only,metaclip2_retrieval_results_text_only,-0.2184108000518781,-0.17341226551437858,-0.24990571306097192,-0.18725924225379945,-0.20255116141789928,-0.1447960764772365,0.044998534537499524,0.025578128026944355,0.06531437431605981,True
common_fixed,all344,AP_range,metaclip2_retrieval_results_image_only,metaclip2_slerp_retrieval_results_licensed,-0.15814244376854203,-0.13400611252427705,-0.17551275701596528,-0.14018199035505113,-0.15197337679299192,-0.1162309069945274,0.02413633124426498,0.011005025808168556,0.0384218269555856,True
common_fixed,all344,AP_range,metaclip2_retrieval_results_text_only,metaclip2_slerp_retrieval_results_licensed,0.06026835628333607,0.03940615299010153,0.034828552058648765,0.08672726434457832,0.018075525497273353,0.06151990721986827,-0.020862203293234544,-0.03590391558004083,-0.006535295956862563,True
common_fixed,all344,P_range,bge_vl_mllm_s1_retrieval_results_licensed,bge_vl_mllm_s1_retrieval_results_licensed_reranked,-0.0162361623616237,-0.011808118081181013,-0.032375816903729024,-2.7755575615628914e-17,-0.02584477736163133,0.0022731609993059897,0.004428044280442689,-0.006159874937048968,0.015809286394413844,True
common_fixed,all344,P_range,bge_vl_mllm_s1_retrieval_results_licensed,bge_vl_mllm_s2_retrieval_results_licensed,0.02029520295202944,0.01918819188191856,0.005703422053231931,0.03447159090909084,0.005596494756699598,0.032859684323167326,-0.0011070110701108804,-0.010218978102189804,0.007807253700935403,True
common_fixed,all344,P_range,bge_vl_mllm_s1_retrieval_results_licensed,metaclip2_retrieval_results_combined,-0.0036900369003690092,0.01291512915129131,-0.022344426406926358,0.014487895227711555,-0.005078444602272719,0.030883879023307442,0.01660516605166032,0.00606060606060607,0.027798858782613314,False
common_fixed,all344,P_range,bge_vl_mllm_s1_retrieval_results_licensed,metaclip2_retrieval_results_image_only,0.16974169741697434,0.15350553505535056,0.1509293680297398,0.1884618959107808,0.13286193568139212,0.17396435258533777,-0.016236162361623785,-0.027777777777777794,-0.004929444088775126,True
common_fixed,all344,P_range,bge_vl_mllm_s1_retrieval_results_licensed,metaclip2_retrieval_results_text_only,-0.021402214022140237,0.013284132841328317,-0.046851295030429015,0.003957191647404101,-0.009434855631789753,0.03686131386861308,0.03468634686346855,0.020228900420276155,0.05055383022774317,False
common_fixed,all344,P_range,bge_vl_mllm_s1_retrieval_results_licensed,metaclip2_slerp_retrieval_results_licensed,0.004797047970479806,0.020664206642066335,-0.013167748621485249,0.022222222222222254,0.00374496897534788,0.03804477225672876,0.01586715867158653,0.005242956565487205,0.027338196858243822,True
common_fixed,all344,P_range,bge_vl_mllm_s1_retrieval_results_licensed_reranked,bge_vl_mllm_s2_retrieval_results_licensed,0.03653136531365314,0.030996309963099572,0.01939163498098856,0.05321486382322721,0.015848513641916685,0.04580530029537233,-0.005535055350553569,-0.017217368961973272,0.005926476662536158,True
common_fixed,all344,P_range,bge_vl_mllm_s1_retrieval_results_licensed_reranked,metaclip2_retrieval_results_combined,0.012546125461254692,0.024723247232472323,-0.00775051783975092,0.03333333333333344,0.006081934875210888,0.04419475655430716,0.01217712177121763,-0.002272727272727152,0.026667293233082704,True
common_fixed,all344,P_range,bge_vl_mllm_s1_retrieval_results_licensed_reranked,metaclip2_retrieval_results_image_only,0.18597785977859804,0.16531365313653157,0.16679529394623738,0.20546989889705894,0.14419366122535515,0.18603904809192798,-0.020664206642066474,-0.03498146387832706,-0.006641455936618247,True
common_fixed,all344,P_range,bge_vl_mllm_s1_retrieval_results_licensed_reranked,metaclip2_retrieval_results_text_only,-0.005166051660516535,0.02509225092250933,-0.031086142322097415,0.020456241519674432,0.00221361664166092,0.04849652115363043,0.030258302583025865,0.015125922509225112,0.04719101123595515,False
common_fixed,all344,P_range,bge_vl_mllm_s1_retrieval_results_licensed_reranked,metaclip2_slerp_retrieval_results_licensed,0.021033210332103508,0.03247232472324735,0.0019082155400110324,0.04080920219211287,0.014550886367419516,0.0508783258885221,0.01143911439114384,-0.0031584526687744403,0.026354797149490693,True
common_fixed,all344,P_range,bge_vl_mllm_s2_retrieval_results_licensed,metaclip2_retrieval_results_combined,-0.02398523985239845,-0.006273062730627249,-0.04347943384422885,-0.004494382022471876,-0.025189669994097934,0.012501120071684664,0.0177121771217712,0.005796578245173366,0.030534351145038028,True
common_fixed,all344,P_range,bge_vl_mllm_s2_retrieval_results_licensed,metaclip2_retrieval_results_image_only,0.1494464944649449,0.134317343173432,0.13211645163896896,0.16679119053171657,0.11622516648168703,0.15287821916379948,-0.015129151291512904,-0.027924944506104332,-0.0030072371941089033,True
common_fixed,all344,P_range,bge_vl_mllm_s2_retrieval_results_licensed,metaclip2_retrieval_results_text_only,-0.041697416974169677,-0.005904059040590243,-0.06728659872503426,-0.0163609058785737,-0.029057800619543814,0.017330089467901568,0.035793357933579434,0.020905663321025503,0.050960693760262764,True
common_fixed,all344,P_range,bge_vl_mllm_s2_retrieval_results_licensed,metaclip2_slerp_retrieval_results_licensed,-0.015498154981549633,0.0014760147601477758,-0.034074074074074034,0.003623517786561383,-0.01660387359157275,0.01923113207547171,0.01697416974169741,0.004744094226940891,0.030072531873161175,False
common_fixed,all344,P_range,metaclip2_retrieval_results_combined,metaclip2_retrieval_results_image_only,0.17343173431734335,0.14059040590405925,0.1550561797752809,0.1922228682170543,0.12107229280096796,0.1597744360902256,-0.032841328413284104,-0.04589552238805969,-0.020930026389576112,True
common_fixed,all344,P_range,metaclip2_retrieval_results_combined,metaclip2_retrieval_results_text_only,-0.017712177121771228,0.0003690036900370064,-0.037269538017960874,0.0022144336685001637,-0.015498787749610303,0.0166067035670357,0.018081180811808234,0.005881814264167214,0.03085501858736056,False
common_fixed,all344,P_range,metaclip2_retrieval_results_combined,metaclip2_slerp_retrieval_results_licensed,0.008487084870848816,0.007749077490775025,0.0010868584209700715,0.016072264579989257,0.0011276091347772897,0.014599430300872348,-0.0007380073800737907,-0.0053438522355507565,0.003773942252715898,True
common_fixed,all344,P_range,metaclip2_retrieval_results_image_only,metaclip2_retrieval_results_text_only,-0.19114391143911458,-0.14022140221402224,-0.2160165007264053,-0.16642599277978348,-0.16423083941605854,-0.11590610047846904,0.05092250922509234,0.03540103874227966,0.06811634018155764,True
common_fixed,all344,P_range,metaclip2_retrieval_results_image_only,metaclip2_slerp_retrieval_results_licensed,-0.16494464944649453,-0.13284132841328422,-0.18224000145698263,-0.14790587955714615,-0.15036792557932274,-0.11460537900385709,0.032103321033210314,0.020577361292469995,0.044688852813852875,True
common_fixed,all344,P_range,metaclip2_retrieval_results_text_only,metaclip2_slerp_retrieval_results_licensed,0.026199261992620043,0.0073800738007380184,0.0055949571992975925,0.04612687017779263,-0.010189436716705717,0.02398665415225577,-0.018819188191882025,-0.03230769230769234,-0.006137184115523442,True
common_fixed,split121,AP10,bge_vl_mllm_s1_retrieval_results_licensed,bge_vl_mllm_s1_retrieval_results_licensed_reranked,-0.0526686860243156,-0.04351204408316994,-0.08160743416521306,-0.02453304113503384,-0.07157302159579954,-0.01642237473842496,0.009156641941145655,-0.004683215619627294,0.023402260120760302,True
common_fixed,split121,AP10,bge_vl_mllm_s1_retrieval_results_licensed,bge_vl_mllm_s2_retrieval_results_licensed,0.021724563726934515,0.016572145728975862,0.000684381211523559,0.04257112791560317,-0.0029329161957171875,0.03611421227899075,-0.005152417997958653,-0.015293868975810062,0.004800570762365134,True
common_fixed,split121,AP10,bge_vl_mllm_s1_retrieval_results_licensed,metaclip2_retrieval_results_combined,0.07354502505647578,0.052926891833318335,0.038289288166383474,0.1094176551436323,0.019229042975446267,0.0874976951132501,-0.020618133223157448,-0.0362691258766221,-0.00498619750159236,True
common_fixed,split121,AP10,bge_vl_mllm_s1_retrieval_results_licensed,metaclip2_retrieval_results_image_only,0.15656707144565296,0.12072716759333987,0.1147892752640858,0.20093323869477275,0.08400596713067325,0.16010895929405716,-0.03583990385231309,-0.05134930930351487,-0.020155152981425846,True
common_fixed,split121,AP10,bge_vl_mllm_s1_retrieval_results_licensed,metaclip2_retrieval_results_text_only,0.11104879553830319,0.08764472169910022,0.06738716389581188,0.1536671932575496,0.048157856645924785,0.128686792241455,-0.02340407383920297,-0.040513543274482214,-0.005371266796709832,True
common_fixed,split121,AP10,bge_vl_mllm_s1_retrieval_results_licensed,metaclip2_slerp_retrieval_results_licensed,0.07611236553629608,0.0580854538456939,0.04255658750280046,0.11187107716193505,0.02733757722910888,0.09069245921505797,-0.01802691169060218,-0.0326287247064582,-0.003225413284150779,True
common_fixed,split121,AP10,bge_vl_mllm_s1_retrieval_results_licensed_reranked,bge_vl_mllm_s2_retrieval_results_licensed,0.07439324975125011,0.060084189812145805,0.04223401188567916,0.10873170345368417,0.030386985913670308,0.09045884837583554,-0.014309059939104307,-0.02980775027756353,0.0008349402008731695,True
common_fixed,split121,AP10,bge_vl_mllm_s1_retrieval_results_licensed_reranked,metaclip2_retrieval_results_combined,0.12621371108079138,0.09643893591648828,0.08983440754789267,0.16429803234732263,0.0637495325828813,0.13049171950390465,-0.029774775164303102,-0.0481598480351094,-0.01142232239494135,True
common_fixed,split121,AP10,bge_vl_mllm_s1_retrieval_results_licensed_reranked,metaclip2_retrieval_results_image_only,0.20923575746996856,0.16423921167650982,0.16446776640724506,0.25663478100140424,0.12355825933076553,0.20528164625501,-0.04499654579345874,-0.06364302694597736,-0.026520400118470917,True
common_fixed,split121,AP10,bge_vl_mllm_s1_retrieval_results_licensed_reranked,metaclip2_retrieval_results_text_only,0.16371748156261878,0.13115676578227015,0.12417826433814647,0.2043654215091247,0.09640147098365312,0.16680850781206802,-0.03256071578034864,-0.051539605110764324,-0.013290747749979065,True
common_fixed,split121,AP10,bge_vl_mllm_s1_retrieval_results_licensed_reranked,metaclip2_slerp_retrieval_results_licensed,0.12878105156061168,0.10159749792886384,0.09125669598409603,0.16866707934822248,0.06895740895111079,0.13629049987217448,-0.027183553631747834,-0.044136692867279774,-0.009567003826036783,True
common_fixed,split121,AP10,bge_vl_mllm_s2_retrieval_results_licensed,metaclip2_retrieval_results_combined,0.05182046132954127,0.03635474610434247,0.01600706547328952,0.08688452613056896,0.0027813564243850224,0.06954966609384415,-0.015465715225198795,-0.03374353107903605,0.0017135579970371903,True
common_fixed,split121,AP10,bge_vl_mllm_s2_retrieval_results_licensed,metaclip2_retrieval_results_image_only,0.13484250771871845,0.10415502186436401,0.09877004429258131,0.17214846899046773,0.0723847553764836,0.13828828501053317,-0.030687485854354435,-0.047539985063633716,-0.013020116295368667,True
common_fixed,split121,AP10,bge_vl_mllm_s2_retrieval_results_licensed,metaclip2_retrieval_results_text_only,0.08932423181136867,0.07107257597012435,0.0454528712493756,0.12923815885859882,0.033515630734004216,0.10878135090899234,-0.018251655841244316,-0.0368705098406039,0.0017197977517051206,True
common_fixed,split121,AP10,bge_vl_mllm_s2_retrieval_results_licensed,metaclip2_slerp_retrieval_results_licensed,0.05438780180936156,0.04151330811671804,0.021094135064340096,0.0882365931586511,0.011046078726868452,0.07268340558999879,-0.012874493692643527,-0.02935045915214363,0.003299185000987699,True
common_fixed,split121,AP10,metaclip2_retrieval_results_combined,metaclip2_retrieval_results_image_only,0.08302204638917718,0.06780027576002154,0.050158142176467795,0.1178611514959706,0.03850614563823577,0.09837306616872991,-0.01522177062915564,-0.03110624997436101,0.00030545012867154106,True
common_fixed,split121,AP10,metaclip2_retrieval_results_combined,metaclip2_retrieval_results_text_only,0.0375037704818274,0.03471782986578188,0.013543128473839714,0.06100274297085291,0.0130550474678247,0.056523577800382266,-0.002785940616045521,-0.014437277400105341,0.009538141177835809,True
common_fixed,split121,AP10,metaclip2_retrieval_results_combined,metaclip2_slerp_retrieval_results_licensed,0.002567340479820296,0.005158562012375564,-0.005135852962218603,0.0111213957208787,-0.0024527799714079914,0.013698373924170476,0.0025912215325552684,-0.0010368975768485344,0.007077422275651488,True
common_fixed,split121,AP10,metaclip2_retrieval_results_image_only,metaclip2_retrieval_results_text_only,-0.045518275907349776,-0.033082445894239663,-0.08845283479858711,-0.005663821520351486,-0.06888137671067328,0.0006250882520507812,0.012435830013110112,-0.004785197344637604,0.031812117509068795,True
common_fixed,split121,AP10,metaclip2_retrieval_results_image_only,metaclip2_slerp_retrieval_results_licensed,-0.08045470590935688,-0.06264171374764599,-0.11144573897533924,-0.051829170196290165,-0.08813919803766547,-0.03826302773533038,0.017812992161710894,0.004358958375687845,0.03248806074147329,True
common_fixed,split121,AP10,metaclip2_retrieval_results_text_only,metaclip2_slerp_retrieval_results_licensed,-0.03493643000200711,-0.029559267853406318,-0.06260558350475819,-0.006512824749968683,-0.052247753207693544,-0.005761649328843494,0.005377162148600789,-0.006421903033164531,0.017386409594031055,True
common_fixed,split121,P10,bge_vl_mllm_s1_retrieval_results_licensed,bge_vl_mllm_s1_retrieval_results_licensed_reranked,-0.036271186440678144,-0.02644067796610164,-0.052482505124761325,-0.01934930313588856,-0.039765871113546014,-0.012869438436870781,0.009830508474576505,0.002302587913367565,0.017606417615280746,True
common_fixed,split121,P10,bge_vl_mllm_s1_retrieval_results_licensed,bge_vl_mllm_s2_retrieval_results_licensed,0.007796610169491375,0.008135593220339077,-0.010265583564256098,0.02542465150611808,-0.0063387064430131795,0.022298916489636885,0.0003389830508477021,-0.006735943039269136,0.007395116928350244,True
common_fixed,split121,P10,bge_vl_mllm_s1_retrieval_results_licensed,metaclip2_retrieval_results_combined,0.052203389830508345,0.03389830508474578,0.026453686960016102,0.07826201978375884,0.012919463087248326,0.054845284026318414,-0.018305084745762562,-0.02768456375838921,-0.009507427477267412,True
common_fixed,split121,P10,bge_vl_mllm_s1_retrieval_results_licensed,metaclip2_retrieval_results_image_only,0.11830508474576251,0.08016949152542374,0.07952437243585285,0.15799129306427823,0.04963985387372485,0.11233160270041617,-0.03813559322033877,-0.052811301701771486,-0.022545243084137707,True
common_fixed,split121,P10,bge_vl_mllm_s1_retrieval_results_licensed,metaclip2_retrieval_results_text_only,0.11932203389830491,0.0828813559322034,0.08922144522144525,0.1509508368557403,0.0584612068965517,0.10879350424706077,-0.03644067796610151,-0.04811165845648589,-0.025084278082801705,True
common_fixed,split121,P10,bge_vl_mllm_s1_retrieval_results_licensed,metaclip2_slerp_retrieval_results_licensed,0.04576271186440667,0.028813559322033916,0.02033554359243695,0.0711878434165769,0.007945599945474967,0.04966246183512771,-0.016949152542372753,-0.0263607345923444,-0.007785130967961771,True
common_fixed,split121,P10,bge_vl_mllm_s1_retrieval_results_licensed_reranked,bge_vl_mllm_s2_retrieval_results_licensed,0.04406779661016952,0.034576271186440716,0.022557630733249186,0.06531374835570108,0.01857632410862354,0.05032897450929301,-0.009491525423728803,-0.018597154095841593,-0.00018429846996890575,True
common_fixed,split121,P10,bge_vl_mllm_s1_retrieval_results_licensed_reranked,metaclip2_retrieval_results_combined,0.08847457627118649,0.06033898305084742,0.057094002306805024,0.12057360863231478,0.03739369120424111,0.08333400646203544,-0.028135593220339067,-0.040773691147904884,-0.016154948280682205,True
common_fixed,split121,P10,bge_vl_mllm_s1_retrieval_results_licensed_reranked,metaclip2_retrieval_results_image_only,0.15457627118644066,0.10661016949152538,0.11406198265609223,0.19541768401746612,0.07612865850152373,0.13783401952461796,-0.047966101694915275,-0.0645515160931148,-0.03132474058671238,True
common_fixed,split121,P10,bge_vl_mllm_s1_retrieval_results_licensed_reranked,metaclip2_retrieval_results_text_only,0.15559322033898304,0.10932203389830504,0.12193677772313737,0.189825140261822,0.08411827090884687,0.135248823074761,-0.046271186440678,-0.06131989175061864,-0.03182608695652177,True
common_fixed,split121,P10,bge_vl_mllm_s1_retrieval_results_licensed_reranked,metaclip2_slerp_retrieval_results_licensed,0.08203389830508481,0.055254237288135555,0.051027397260274054,0.11375300357044146,0.03260544407283536,0.07802157016422018,-0.026779661016949258,-0.03939470850638368,-0.014633552423186645,True
common_fixed,split121,P10,bge_vl_mllm_s2_retrieval_results_licensed,metaclip2_retrieval_results_combined,0.04440677966101697,0.025762711864406707,0.016242038494805912,0.07282561528214851,0.003684478967215377,0.048270775907571326,-0.018644067796610264,-0.029065844532067425,-0.008202443280977325,True
common_fixed,split121,P10,bge_vl_mllm_s2_retrieval_results_licensed,metaclip2_retrieval_results_image_only,0.11050847457627114,0.07203389830508466,0.07486940680653095,0.14635384865571038,0.04438641708960368,0.10121804000308902,-0.03847457627118647,-0.05254573942236317,-0.02338841807909602,True
common_fixed,split121,P10,bge_vl_mllm_s2_retrieval_results_licensed,metaclip2_retrieval_results_text_only,0.11152542372881354,0.07474576271186432,0.07986803008070431,0.1435335632443841,0.05105899263340717,0.09934380938093798,-0.03677966101694921,-0.05000207986688853,-0.023710773283095288,True
common_fixed,split121,P10,bge_vl_mllm_s2_retrieval_results_licensed,metaclip2_slerp_retrieval_results_licensed,0.037966101694915294,0.02067796610169484,0.010894985919071737,0.06565706570657057,-0.0005310680990014443,0.04234778911564625,-0.017288135593220455,-0.027760191197691065,-0.0071538148894403925,True
common_fixed,split121,P10,metaclip2_retrieval_results_combined,metaclip2_retrieval_results_image_only,0.06610169491525417,0.04627118644067796,0.03356273520231039,0.0991540120386884,0.021921104835663594,0.07340071701470667,-0.01983050847457621,-0.03208905823092229,-0.006450080784444785,True
common_fixed,split121,P10,metaclip2_retrieval_results_combined,metaclip2_retrieval_results_text_only,0.06711864406779657,0.04898305084745762,0.049823912446309064,0.08561345687847624,0.03534606174347788,0.06352976250125256,-0.018135593220338947,-0.02599653379549391,-0.011149825783972112,True
common_fixed,split121,P10,metaclip2_retrieval_results_combined,metaclip2_slerp_retrieval_results_licensed,-0.006440677966101677,-0.0050847457627118675,-0.011270879832961331,-0.0013744527609094728,-0.009182353811536526,-0.0007053438226818227,0.0013559322033898091,-0.0008650519031142285,0.003915331222211588,True
common_fixed,split121,P10,metaclip2_retrieval_results_image_only,metaclip2_retrieval_results_text_only,0.0010169491525423985,0.00271186440677966,-0.03565531981729579,0.036262994335114186,-0.025573896798123587,0.029527085851456775,0.0016949152542372614,-0.014094551914725653,0.015483675618746653,True
common_fixed,split121,P10,metaclip2_retrieval_results_image_only,metaclip2_slerp_retrieval_results_licensed,-0.07254237288135584,-0.051355932203389826,-0.10507407187053784,-0.04117595549603379,-0.07730998746733143,-0.02754963544086638,0.021186440677966017,0.008376046901172524,0.03296411395051945,True
common_fixed,split121,P10,metaclip2_retrieval_results_text_only,metaclip2_slerp_retrieval_results_licensed,-0.07355932203389824,-0.054067796610169486,-0.09505462457317577,-0.05327637639994703,-0.07081983800071878,-0.038497603233327814,0.019491525423728756,0.011478119416319182,0.028523515018710935,True
common_fixed,split121,AP_range,bge_vl_mllm_s1_retrieval_results_licensed,bge_vl_mllm_s1_retrieval_results_licensed_reranked,-0.07981455669323856,-0.06523115193003509,-0.11581784473142527,-0.04681009404211202,-0.10547002991696625,-0.029420265220252186,0.014583404763203467,-0.027005390029647715,0.056420494635201573,True
common_fixed,split121,AP_range,bge_vl_mllm_s1_retrieval_results_licensed,bge_vl_mllm_s2_retrieval_results_licensed,0.0117883052419136,0.031507827739725214,-0.013983018524296629,0.03484023468126416,-8.100160029287078e-05,0.06411865209770244,0.019719522497811615,-0.006560361050609268,0.0471011893470777,True
common_fixed,split121,AP_range,bge_vl_mllm_s1_retrieval_results_licensed,metaclip2_retrieval_results_combined,0.019236781577846945,0.05641363933889712,-0.01743244697164802,0.05513620041512376,0.00652034222887864,0.1050235626489238,0.037176857761050175,0.0020815540504276033,0.07025522653684266,True
common_fixed,split121,AP_range,bge_vl_mllm_s1_retrieval_results_licensed,metaclip2_retrieval_results_image_only,0.18636467253950073,0.20379209167439413,0.15335789968908525,0.22169414548049407,0.15852003743818063,0.2528868502154585,0.0174274191348934,-0.013896320842197146,0.051578850086594734,True
common_fixed,split121,AP_range,bge_vl_mllm_s1_retrieval_results_licensed,metaclip2_retrieval_results_text_only,0.0022659437963807594,0.06970141502572783,-0.05224856408788444,0.054442308317088836,0.016994105668304876,0.12169420735062929,0.06743547122934707,0.03252164382381831,0.10364263733014366,True
common_fixed,split121,AP_range,bge_vl_mllm_s1_retrieval_results_licensed,metaclip2_slerp_retrieval_results_licensed,0.04130924620707396,0.07700679785087011,0.0071538942434286506,0.07493424609732822,0.03312626567911217,0.12081376525378676,0.03569755164379615,0.006247739438657429,0.06656763301574396,True
common_fixed,split121,AP_range,bge_vl_mllm_s1_retrieval_results_licensed_reranked,bge_vl_mllm_s2_retrieval_results_licensed,0.09160286193515216,0.0967389796697603,0.05714678077868473,0.12782643166454527,0.05494918404759587,0.14046397377679573,0.005136117734608148,-0.03815584108924152,0.047750403368706264,True
common_fixed,split121,AP_range,bge_vl_mllm_s1_retrieval_results_licensed_reranked,metaclip2_retrieval_results_combined,0.0990513382710855,0.12164479126893221,0.05869903064288679,0.14045859306855535,0.07129552978506462,0.17259553427748484,0.022593452997846708,-0.021591504553847677,0.06585378372948211,True
common_fixed,split121,AP_range,bge_vl_mllm_s1_retrieval_results_licensed_reranked,metaclip2_retrieval_results_image_only,0.2661792292327393,0.2690232436044292,0.22470087462278684,0.31028803219895185,0.21626881171973153,0.32392152221760145,0.002844014371689907,-0.040743811009936313,0.04723554942094424,True
common_fixed,split121,AP_range,bge_vl_mllm_s1_retrieval_results_licensed_reranked,metaclip2_retrieval_results_text_only,0.08208050048961932,0.13493256695576292,0.024275368575743698,0.13756652841258032,0.08435000091005626,0.18712237020298012,0.0528520664661436,0.008729393882498772,0.09962094911826225,True
common_fixed,split121,AP_range,bge_vl_mllm_s1_retrieval_results_licensed_reranked,metaclip2_slerp_retrieval_results_licensed,0.12112380290031252,0.1422379497809052,0.08274341698361773,0.16114059701253397,0.09594448238918586,0.18851798102031395,0.021114146880592682,-0.020406554401756864,0.06309509836870103,True
common_fixed,split121,AP_range,bge_vl_mllm_s2_retrieval_results_licensed,metaclip2_retrieval_results_combined,0.007448476335933346,0.024905811599171906,-0.026823038857016302,0.041512329341960835,-0.021146212081422238,0.07068936761453697,0.01745733526323856,-0.020375880495570774,0.05509279060421087,True
common_fixed,split121,AP_range,bge_vl_mllm_s2_retrieval_results_licensed,metaclip2_retrieval_results_image_only,0.17457636729758713,0.17228426393466892,0.1438332197193567,0.20720262179186866,0.1321300235868157,0.21562476435609088,-0.002292103362918213,-0.037468770100439926,0.032846822692040825,True
common_fixed,split121,AP_range,bge_vl_mllm_s2_retrieval_results_licensed,metaclip2_retrieval_results_text_only,-0.00952236144553284,0.03819358728600261,-0.06169795632132101,0.039762087461507487,-0.0164473814486199,0.09187295550500171,0.04771594873153545,0.013494532075298238,0.08495701233783612,False
common_fixed,split121,AP_range,bge_vl_mllm_s2_retrieval_results_licensed,metaclip2_slerp_retrieval_results_licensed,0.029520940965160364,0.0454989701111449,-0.0030703904560474833,0.06177763358339036,0.0026227098518826486,0.08746878450271799,0.015978029145984535,-0.01900829042997571,0.05176321147168526,True
common_fixed,split121,AP_range,metaclip2_retrieval_results_combined,metaclip2_retrieval_results_image_only,0.16712789096165379,0.147378452335497,0.1355959031179926,0.20136690209025504,0.1061323535308297,0.19369011631460728,-0.019749438626156773,-0.04997608678873304,0.013015329127889639,True
common_fixed,split121,AP_range,metaclip2_retrieval_results_combined,metaclip2_retrieval_results_text_only,-0.016970837781466186,0.013287775686830705,-0.059863764527861525,0.02274383033479197,-0.023589313549961723,0.049287959852110826,0.03025861346829689,0.001982996511067581,0.060325324697441465,False
common_fixed,split121,AP_range,metaclip2_retrieval_results_combined,metaclip2_slerp_retrieval_results_licensed,0.022072464629227018,0.020593158511972992,0.01205715162487318,0.03271555477453044,0.005965417553046379,0.03795471639169196,-0.0014793061172540256,-0.012815004013549918,0.011607277079489732,True
common_fixed,split121,AP_range,metaclip2_retrieval_results_image_only,metaclip2_retrieval_results_text_only,-0.18409872874311997,-0.1340906766486663,-0.23678634198269302,-0.1362360638983485,-0.18852362567517802,-0.08484542701912758,0.050008052094453664,0.018485072186194374,0.08167569823950896,True
common_fixed,split121,AP_range,metaclip2_retrieval_results_image_only,metaclip2_slerp_retrieval_results_licensed,-0.14505542633242677,-0.12678529382352402,-0.17351880543198953,-0.11871629980374544,-0.16349800783546437,-0.09418293902571837,0.018270132508902748,-0.006478112200602145,0.041987364899614216,True
common_fixed,split121,AP_range,metaclip2_retrieval_results_text_only,metaclip2_slerp_retrieval_results_licensed,0.039043302410693204,0.007305382825142287,-0.0012871029970138376,0.08298542554146131,-0.02829205140128978,0.04613796245836727,-0.03173791958555092,-0.06051424765517292,-0.006039283734852828,True
common_fixed,split121,P_range,bge_vl_mllm_s1_retrieval_results_licensed,bge_vl_mllm_s1_retrieval_results_licensed_reranked,-0.02577319587628879,-0.015463917525773196,-0.05104166666666665,-0.002105263157894749,-0.03402061855670108,0.0020833333333332704,0.010309278350515594,-0.014893617021276565,0.03749999999999998,True
common_fixed,split121,P_range,bge_vl_mllm_s1_retrieval_results_licensed,bge_vl_mllm_s2_retrieval_results_licensed,0.024742268041237053,0.027835051546391765,0.0030927835051545996,0.04615789473684194,0.006314144736842117,0.04895833333333341,0.0030927835051547115,-0.01789736842105269,0.02323232323232319,True
common_fixed,split121,P_range,bge_vl_mllm_s1_retrieval_results_licensed,metaclip2_retrieval_results_combined,-0.0020618556701031687,0.04536082474226816,-0.03152316933638448,0.027551020408163207,0.014000000000000096,0.07572968829841607,0.047422680412371326,0.025773195876288818,0.07041111707841047,False
common_fixed,split121,P_range,bge_vl_mllm_s1_retrieval_results_licensed,metaclip2_retrieval_results_image_only,0.16391752577319574,0.1649484536082475,0.13437421085858578,0.1957894736842105,0.12573730777333042,0.20306122448979588,0.0010309278350517648,-0.02371134020618551,0.026214818083750126,True
common_fixed,split121,P_range,bge_vl_mllm_s1_retrieval_results_licensed,metaclip2_retrieval_results_text_only,-0.0020618556701031687,0.08041237113402078,-0.04583333333333331,0.04000515463917524,0.042853422619047635,0.1175288053365677,0.08247422680412395,0.052515312701482936,0.11579367301231805,False
common_fixed,split121,P_range,bge_vl_mllm_s1_retrieval_results_licensed,metaclip2_slerp_retrieval_results_licensed,0.009278350515463829,0.05154639175257747,-0.019791666666666652,0.038387784090909004,0.021052631578947406,0.08100470297029716,0.04226804123711364,0.020212765957446917,0.06562500000000002,True
common_fixed,split121,P_range,bge_vl_mllm_s1_retrieval_results_licensed_reranked,bge_vl_mllm_s2_retrieval_results_licensed,0.050515463917525844,0.04329896907216496,0.026041666666666685,0.0770833333333333,0.024209658762290195,0.06354166666666664,-0.007216494845360882,-0.03711340206185562,0.021052631578947406,True
common_fixed,split121,P_range,bge_vl_mllm_s1_retrieval_results_licensed_reranked,metaclip2_retrieval_results_combined,0.02371134020618562,0.060824742268041354,-0.010526315789473661,0.05729501856435638,0.030208333333333393,0.09270833333333331,0.03711340206185573,0.004166666666666787,0.07052631578947369,True
common_fixed,split121,P_range,bge_vl_mllm_s1_retrieval_results_licensed_reranked,metaclip2_retrieval_results_image_only,0.18969072164948453,0.1804123711340207,0.15683857840477478,0.223,0.14165592783505151,0.2191549066435084,-0.009278350515463829,-0.04330235343121947,0.024731182795698945,True
common_fixed,split121,P_range,bge_vl_mllm_s1_retrieval_results_licensed_reranked,metaclip2_retrieval_results_text_only,0.02371134020618562,0.09587628865979397,-0.020434818756235436,0.06595744680851065,0.06020408163265309,0.13061224489795925,0.07216494845360835,0.03814432989690722,0.1083355263157895,True
common_fixed,split121,P_range,bge_vl_mllm_s1_retrieval_results_licensed_reranked,metaclip2_slerp_retrieval_results_licensed,0.03505154639175262,0.06701030927835067,0.0010309278350515406,0.06969696969696973,0.03645833333333334,0.09894764254385971,0.03195876288659805,-0.0011185983827491795,0.06632678318852303,True
common_fixed,split121,P_range,bge_vl_mllm_s2_retrieval_results_licensed,metaclip2_retrieval_results_combined,-0.026804123711340222,0.017525773195876393,-0.056249999999999994,0.003962396239623962,-0.013982567611599864,0.049030959752321863,0.044329896907216615,0.016326530612244955,0.07368553960659233,False
common_fixed,split121,P_range,bge_vl_mllm_s2_retrieval_results_licensed,metaclip2_retrieval_results_image_only,0.13917525773195868,0.13711340206185574,0.11236797811908264,0.16808510638297866,0.10208333333333337,0.1715688854489164,-0.0020618556701029467,-0.03118447580645167,0.026809020618556726,True
common_fixed,split121,P_range,bge_vl_mllm_s2_retrieval_results_licensed,metaclip2_retrieval_results_text_only,-0.026804123711340222,0.05257731958762901,-0.06770833333333334,0.013829787234042573,0.015217391304347877,0.08865979381443292,0.07938144329896923,0.04842105263157906,0.111340206185567,False
common_fixed,split121,P_range,bge_vl_mllm_s2_retrieval_results_licensed,metaclip2_slerp_retrieval_results_licensed,-0.015463917525773224,0.023711340206185705,-0.04536316776007497,0.01649484536082474,-0.007368421052631552,0.054166666666666696,0.03917525773195893,0.008331185567010364,0.07071022727272727,False
common_fixed,split121,P_range,metaclip2_retrieval_results_combined,metaclip2_retrieval_results_image_only,0.1659793814432989,0.11958762886597935,0.13979591836734698,0.19306930693069307,0.08979591836734692,0.15051546391752574,-0.04639175257731956,-0.07551020408163268,-0.019349691146190846,True
common_fixed,split121,P_range,metaclip2_retrieval_results_combined,metaclip2_retrieval_results_text_only,0.0,0.03505154639175262,-0.03637038703870377,0.03297899758719019,0.007998019801980207,0.06185567010309273,0.03505154639175262,0.008693314633006058,0.0648366261398176,False
common_fixed,split121,P_range,metaclip2_retrieval_results_combined,metaclip2_slerp_retrieval_results_licensed,0.011340206185566998,0.006185567010309312,0.0009999999999999731,0.02268041237113398,-0.004123711340206171,0.016161616161616155,-0.005154639175257686,-0.015625000000000028,0.004081632653061191,True
common_fixed,split121,P_range,metaclip2_retrieval_results_image_only,metaclip2_retrieval_results_text_only,-0.1659793814432989,-0.08453608247422673,-0.2043022440392706,-0.13010226139008985,-0.12234313938341292,-0.04699687500000004,0.08144329896907218,0.048936170212765945,0.11700053191489361,True
common_fixed,split121,P_range,metaclip2_retrieval_results_image_only,metaclip2_slerp_retrieval_results_licensed,-0.1546391752577319,-0.11340206185567003,-0.1806122448979592,-0.12857142857142861,-0.14271205357142858,-0.08556325171821307,0.041237113402061876,0.015623263888888864,0.0670103092783505,True
common_fixed,split121,P_range,metaclip2_retrieval_results_text_only,metaclip2_slerp_retrieval_results_licensed,0.011340206185566998,-0.028865979381443307,-0.021428571428571408,0.047916666666666635,-0.05670455778621817,0.0,-0.040206185567010305,-0.0702127659574468,-0.01386059616599952,False
common_fixed,other223,AP10,bge_vl_mllm_s1_retrieval_results_licensed,bge_vl_mllm_s1_retrieval_results_licensed_reranked,-0.06101772875781564,-0.04252732713544308,-0.08524912900859448,-0.037913507568827616,-0.06215586765760812,-0.02327086513350431,0.01849040162237256,0.002167599097742036,0.03623575899995908,True
common_fixed,other223,AP10,bge_vl_mllm_s1_retrieval_results_licensed,bge_vl_mllm_s2_retrieval_results_licensed,0.03509543293098022,0.03390154658811331,0.014238934643009783,0.05654468969023925,0.015307963331945723,0.05240321704527691,-0.0011938863428669066,-0.013115651327716887,0.010496843515980446,True
common_fixed,other223,AP10,bge_vl_mllm_s1_retrieval_results_licensed,metaclip2_retrieval_results_combined,0.11858486654700134,0.10245974328050034,0.08886067148812747,0.1491937767808729,0.07620141066615845,0.12972239936777186,-0.016125123266501007,-0.03817857594328103,0.004453814076075934,True
common_fixed,other223,AP10,bge_vl_mllm_s1_retrieval_results_licensed,metaclip2_retrieval_results_image_only,0.2290022791656852,0.18727444021833642,0.19366915862530887,0.26397179605537224,0.15502399489912502,0.22056934236685138,-0.04172783894734877,-0.06549335891912543,-0.021635333666478702,True
common_fixed,other223,AP10,bge_vl_mllm_s1_retrieval_results_licensed,metaclip2_retrieval_results_text_only,0.1467093044108091,0.12293939358903387,0.11408054859083415,0.18142635986948755,0.09468466526005026,0.1524430611193692,-0.023769910821775223,-0.048039833313477984,-0.0005757631337013616,True
common_fixed,other223,AP10,bge_vl_mllm_s1_retrieval_results_licensed,metaclip2_slerp_retrieval_results_licensed,0.12469057714616205,0.10842289409390266,0.09560217608802722,0.1547877269047148,0.08226910738121299,0.13577311113399057,-0.016267683052259396,-0.0372687761499085,0.003735944235800556,True
common_fixed,other223,AP10,bge_vl_mllm_s1_retrieval_results_licensed_reranked,bge_vl_mllm_s2_retrieval_results_licensed,0.09611316168879586,0.07642887372355639,0.06918928677642237,0.12432167423579271,0.053086228402772884,0.10152459368557454,-0.019684287965239466,-0.0359586920515809,-0.005388962123494724,True
common_fixed,other223,AP10,bge_vl_mllm_s1_retrieval_results_licensed_reranked,metaclip2_retrieval_results_combined,0.17960259530481698,0.14498707041594341,0.14979906449293928,0.21114315676850204,0.11701411489386632,0.17399974076600674,-0.03461552488887357,-0.05548255617421823,-0.01690361285466583,True
common_fixed,other223,AP10,bge_vl_mllm_s1_retrieval_results_licensed_reranked,metaclip2_retrieval_results_image_only,0.2900200079235008,0.2298017673537795,0.25331532425172526,0.327046463312373,0.1956403827700346,0.2637377893911524,-0.060218240569721304,-0.08671034798866366,-0.03657080497730615,True
common_fixed,other223,AP10,bge_vl_mllm_s1_retrieval_results_licensed_reranked,metaclip2_retrieval_results_text_only,0.20772703316862473,0.16546672072447693,0.17218399802833564,0.24479526688629724,0.1339757322446931,0.1969926548144023,-0.042260312444147796,-0.06788627402462043,-0.019481805142472695,True
common_fixed,other223,AP10,bge_vl_mllm_s1_retrieval_results_licensed_reranked,metaclip2_slerp_retrieval_results_licensed,0.1857083059039777,0.15095022122934573,0.15610332992635742,0.21680983180005656,0.12308365022612675,0.17981984111389743,-0.034758084674631956,-0.055230099996259545,-0.017325625906925848,True
common_fixed,other223,AP10,bge_vl_mllm_s2_retrieval_results_licensed,metaclip2_retrieval_results_combined,0.08348943361602112,0.06855819669238702,0.05447948866744187,0.11234010842029346,0.04295089430197863,0.094030212477291,-0.0149312369236341,-0.032992197616521286,0.002319662118490363,True
common_fixed,other223,AP10,bge_vl_mllm_s2_retrieval_results_licensed,metaclip2_retrieval_results_image_only,0.19390684623470497,0.1533728936302231,0.16176829141656626,0.2275621416179772,0.12383078249463277,0.18360730251085983,-0.040533952604481865,-0.06129544198622039,-0.022824996728484707,True
common_fixed,other223,AP10,bge_vl_mllm_s2_retrieval_results_licensed,metaclip2_retrieval_results_text_only,0.11161387147982887,0.08903784700092056,0.08177252676049232,0.14110697340722486,0.0638724533470809,0.11413316047325328,-0.022576024478908316,-0.04317038781662565,-0.0033074616720858044,True
common_fixed,other223,AP10,bge_vl_mllm_s2_retrieval_results_licensed,metaclip2_slerp_retrieval_results_licensed,0.08959514421518183,0.07452134750578934,0.060409786567754725,0.11827322476249516,0.049591179522887954,0.09977894117392658,-0.01507379670939249,-0.0322544329215766,0.0017536932471891766,True
common_fixed,other223,AP10,metaclip2_retrieval_results_combined,metaclip2_retrieval_results_image_only,0.11041741261868385,0.08481469693783608,0.08769268952726032,0.1357277978905439,0.06425274867718563,0.10657811447618504,-0.025602715680847765,-0.04132365529733842,-0.011162063201866416,True
common_fixed,other223,AP10,metaclip2_retrieval_results_combined,metaclip2_retrieval_results_text_only,0.02812443786380775,0.020479650308533534,0.007635816222638454,0.048641657551391014,0.0042714407667098254,0.03634840654046541,-0.007644787555274216,-0.02195802526510917,0.00432548850490552,True
common_fixed,other223,AP10,metaclip2_retrieval_results_combined,metaclip2_slerp_retrieval_results_licensed,0.0061057105991607075,0.005963150813402318,0.0021372119328552223,0.010522373150892363,0.002275720371411153,0.010038837290406841,-0.00014255978575838935,-0.002650871438475284,0.00230280058611226,True
common_fixed,other223,AP10,metaclip2_retrieval_results_image_only,metaclip2_retrieval_results_text_only,-0.0822929747548761,-0.06433504662930253,-0.11261281637808707,-0.05414016556485068,-0.08969487606210776,-0.04096695043513646,0.017957928125573563,0.0024434483812370202,0.03504709447742755,True
common_fixed,other223,AP10,metaclip2_retrieval_results_image_only,metaclip2_slerp_retrieval_results_licensed,-0.10431170201952314,-0.07885154612443376,-0.12790449058232747,-0.08293754476939628,-0.0990920221281437,-0.06019506325452318,0.025460155895089376,0.011518408809815703,0.04087168709214016,True
common_fixed,other223,AP10,metaclip2_retrieval_results_text_only,metaclip2_slerp_retrieval_results_licensed,-0.022018727264647042,-0.014516499495131216,-0.04302443105669149,-0.0006326956058037457,-0.030972324003917952,0.0028053806894463356,0.007502227769515826,-0.004599700766882735,0.021343335467238614,True
common_fixed,other223,P10,bge_vl_mllm_s1_retrieval_results_licensed,bge_vl_mllm_s1_retrieval_results_licensed_reranked,-0.04713193116634801,-0.034894837476099394,-0.06099985136619234,-0.033430590297696884,-0.04719172605873191,-0.022939398146622967,0.012237093690248613,0.005180313139976472,0.020386567691763856,True
common_fixed,other223,P10,bge_vl_mllm_s1_retrieval_results_licensed,bge_vl_mllm_s2_retrieval_results_licensed,0.015583173996175925,0.014435946462715149,0.0009452681107954253,0.029863311853059366,0.001138439139808739,0.028085602001418374,-0.0011472275334607762,-0.006238189655475951,0.004372727585171529,True
common_fixed,other223,P10,bge_vl_mllm_s1_retrieval_results_licensed,metaclip2_retrieval_results_combined,0.06835564053537282,0.06367112810707454,0.04538457760314328,0.09150779855567064,0.042179112185624736,0.08615433300876339,-0.0046845124282982875,-0.013352272727272772,0.004179539078868019,True
common_fixed,other223,P10,bge_vl_mllm_s1_retrieval_results_licensed,metaclip2_retrieval_results_image_only,0.17868068833651995,0.15401529636711275,0.14827519119817525,0.21177585563614187,0.12439697990434406,0.18460849367602997,-0.024665391969407202,-0.038552447451171305,-0.011737777871514697,True
common_fixed,other223,P10,bge_vl_mllm_s1_retrieval_results_licensed,metaclip2_retrieval_results_text_only,0.1241873804971318,0.1064053537284895,0.09962181973274718,0.14920676576078024,0.08276811805961422,0.13048912599793083,-0.017782026768642295,-0.02853000128337926,-0.007788431861348401,True
common_fixed,other223,P10,bge_vl_mllm_s1_retrieval_results_licensed,metaclip2_slerp_retrieval_results_licensed,0.06357552581261941,0.06003824091778204,0.041268138763911895,0.0862974107680315,0.038972036114442554,0.08225973009823057,-0.0035372848948373725,-0.01218193485749254,0.005651868999169441,True
common_fixed,other223,P10,bge_vl_mllm_s1_retrieval_results_licensed_reranked,bge_vl_mllm_s2_retrieval_results_licensed,0.06271510516252393,0.04933078393881454,0.043731350074513904,0.0824238684591753,0.03243468406916586,0.06692289203153305,-0.013384321223709389,-0.022670831339779603,-0.005635792263334026,True
common_fixed,other223,P10,bge_vl_mllm_s1_retrieval_results_licensed_reranked,metaclip2_retrieval_results_combined,0.11548757170172083,0.09856596558317393,0.09185455425955084,0.13967097687057037,0.07620304973490152,0.12266823347805837,-0.0169216061185469,-0.026087061949141892,-0.008935278157185535,True
common_fixed,other223,P10,bge_vl_mllm_s1_retrieval_results_licensed_reranked,metaclip2_retrieval_results_image_only,0.22581261950286796,0.18891013384321215,0.19231955971272277,0.2622161259541984,0.15719843418109358,0.2225903825903825,-0.036902485659655815,-0.05449450778933299,-0.020662553970596298,True
common_fixed,other223,P10,bge_vl_mllm_s1_retrieval_results_licensed_reranked,metaclip2_retrieval_results_text_only,0.1713193116634798,0.1413001912045889,0.14379829106699185,0.1994283991612642,0.11446811946358253,0.16870241989925747,-0.030019120458890908,-0.04353281853281854,-0.018007378499989235,True
common_fixed,other223,P10,bge_vl_mllm_s1_retrieval_results_licensed_reranked,metaclip2_slerp_retrieval_results_licensed,0.11070745697896742,0.09493307839388143,0.08804535921483886,0.134315872696695,0.07296492500553584,0.11863232530958276,-0.015774378585085985,-0.024541530671179746,-0.007919798359114359,True
common_fixed,other223,P10,bge_vl_mllm_s2_retrieval_results_licensed,metaclip2_retrieval_results_combined,0.0527724665391969,0.04923518164435939,0.02960766653302024,0.07536296851288606,0.028324817424303615,0.07052644291889137,-0.0035372848948375113,-0.013346965245711103,0.00666062304386206,True
common_fixed,other223,P10,bge_vl_mllm_s2_retrieval_results_licensed,metaclip2_retrieval_results_image_only,0.16309751434034403,0.1395793499043976,0.1339839019337383,0.19383148148148124,0.11158087590696285,0.16881323018261507,-0.023518164435946426,-0.03681806772976147,-0.011100123101796096,True
common_fixed,other223,P10,bge_vl_mllm_s2_retrieval_results_licensed,metaclip2_retrieval_results_text_only,0.10860420650095587,0.09196940726577435,0.0854351763001429,0.13140724190013284,0.07047886746173905,0.11389757821739603,-0.01663479923518152,-0.02804590528917552,-0.005789002615031736,True
common_fixed,other223,P10,bge_vl_mllm_s2_retrieval_results_licensed,metaclip2_slerp_retrieval_results_licensed,0.047992351816443485,0.04560229445506689,0.024975502033268322,0.07040930277942146,0.024974018182422876,0.0667637242568514,-0.0023900573613765963,-0.012296495545114307,0.008181140250834095,True
common_fixed,other223,P10,metaclip2_retrieval_results_combined,metaclip2_retrieval_results_image_only,0.11032504780114713,0.09034416826003822,0.08682133487482771,0.1370049437897873,0.0686719699683077,0.11378213130253646,-0.019980879541108915,-0.033753201944691315,-0.007276213462054193,True
common_fixed,other223,P10,metaclip2_retrieval_results_combined,metaclip2_retrieval_results_text_only,0.05583173996175897,0.04273422562141496,0.04072161917203759,0.07185015547468203,0.02853131761509295,0.057341655226801395,-0.013097514340344008,-0.02132895206590648,-0.006196356738589343,True
common_fixed,other223,P10,metaclip2_retrieval_results_combined,metaclip2_slerp_retrieval_results_licensed,-0.004780114722753415,-0.0036328871892924997,-0.008453506154719763,-0.0011833157019797114,-0.007055614743135935,-0.0001970153862483827,0.001147227533460915,-9.775410184158714e-05,0.002639144392260932,True
common_fixed,other223,P10,metaclip2_retrieval_results_image_only,metaclip2_retrieval_results_text_only,-0.05449330783938816,-0.047609942638623254,-0.08330082150514141,-0.02828613582966485,-0.07319004945944267,-0.02422720729366603,0.006883365200764907,-0.004621574870264931,0.018929381650545012,True
common_fixed,other223,P10,metaclip2_retrieval_results_image_only,metaclip2_slerp_retrieval_results_licensed,-0.11510516252390054,-0.09397705544933072,-0.14062146024477779,-0.09190963518018044,-0.11644051820348074,-0.0731846443919439,0.02112810707456983,0.008573299075363933,0.03522645387487228,True
common_fixed,other223,P10,metaclip2_retrieval_results_text_only,metaclip2_slerp_retrieval_results_licensed,-0.060611854684512384,-0.04636711281070746,-0.07846904962036533,-0.04357677651591495,-0.0628253147975543,-0.03010599353448084,0.014244741873804923,0.006400704459955279,0.02337445888843191,True
common_fixed,other223,AP_range,bge_vl_mllm_s1_retrieval_results_licensed,bge_vl_mllm_s1_retrieval_results_licensed_reranked,-0.044875916043301156,-0.04936917902537777,-0.08148637768270617,-0.008935210197544256,-0.08153998052787033,-0.018572294103309597,-0.004493262982076612,-0.029427730836208157,0.021833909215313144,True
common_fixed,other223,AP_range,bge_vl_mllm_s1_retrieval_results_licensed,bge_vl_mllm_s2_retrieval_results_licensed,0.023715397238077723,0.024216328666417514,-0.001212433142716482,0.04856358521440062,0.0018175742517164972,0.04641270210933367,0.0005009314283397903,-0.01476187709760101,0.015279329874316513,True
common_fixed,other223,AP_range,bge_vl_mllm_s1_retrieval_results_licensed,metaclip2_retrieval_results_combined,0.04537701670706587,0.03979293638485615,0.012433225139792869,0.07635577876328009,0.009825974268574848,0.06853627518496845,-0.005584080322209722,-0.02761846084056639,0.01746920930872761,True
common_fixed,other223,AP_range,bge_vl_mllm_s1_retrieval_results_licensed,metaclip2_retrieval_results_image_only,0.23126064463673923,0.1968452435252517,0.20110455849790548,0.26276553972397126,0.16756209731998137,0.22715256856480864,-0.034415401111487526,-0.055445008778458524,-0.016105243285843108,True
common_fixed,other223,AP_range,bge_vl_mllm_s1_retrieval_results_licensed,metaclip2_retrieval_results_text_only,-0.006278149190710847,0.001512322148953249,-0.046903953723454156,0.03370191695461241,-0.03450401112485147,0.0373806532376885,0.007790471339664096,-0.014907089378032982,0.03182802775993815,False
common_fixed,other223,AP_range,bge_vl_mllm_s1_retrieval_results_licensed,metaclip2_slerp_retrieval_results_licensed,0.0658225647112825,0.05881373207009491,0.03327604245357397,0.09722223568558476,0.0308980881516437,0.08660042827019905,-0.007008832641187596,-0.028009139219003523,0.015161672455393852,True
common_fixed,other223,AP_range,bge_vl_mllm_s1_retrieval_results_licensed_reranked,bge_vl_mllm_s2_retrieval_results_licensed,0.06859131328137888,0.07358550769179528,0.0356097524873318,0.10200994218018038,0.04194626751813923,0.10702502117658243,0.004994194410416403,-0.017519934981990823,0.02785043845458108,True
common_fixed,other223,AP_range,bge_vl_mllm_s1_retrieval_results_licensed_reranked,metaclip2_retrieval_results_combined,0.09025293275036703,0.08916211541023392,0.05494844762032431,0.12455509280805925,0.05662000368298746,0.12198916377954103,-0.00109081734013311,-0.024709459947493753,0.02293135675859798,True
common_fixed,other223,AP_range,bge_vl_mllm_s1_retrieval_results_licensed_reranked,metaclip2_retrieval_results_image_only,0.2761365606800404,0.24621442255062947,0.24195639855134854,0.3107713803579695,0.21137085518938062,0.28148945403360986,-0.029922138129410913,-0.05571585116375978,-0.00656320868504755,True
common_fixed,other223,AP_range,bge_vl_mllm_s1_retrieval_results_licensed_reranked,metaclip2_retrieval_results_text_only,0.03859776685259031,0.05088150117433102,-0.0099253085747107,0.08403377791251566,0.0066653053465266995,0.09121072421083426,0.012283734321740708,-0.0130285469599135,0.040521604177142366,True
common_fixed,other223,AP_range,bge_vl_mllm_s1_retrieval_results_licensed_reranked,metaclip2_slerp_retrieval_results_licensed,0.11069848075458366,0.10818291109547268,0.07678671755863645,0.14467599920491253,0.07865606364503473,0.14016940136504338,-0.0025155696591109833,-0.026777045705617057,0.02224908981160346,True
common_fixed,other223,AP_range,bge_vl_mllm_s2_retrieval_results_licensed,metaclip2_retrieval_results_combined,0.021661619468988147,0.015576607718438634,-0.011199850436159326,0.05320764024329618,-0.015275676841269853,0.04596282906681189,-0.006085011750549513,-0.022209308470464907,0.011903854715732486,True
common_fixed,other223,AP_range,bge_vl_mllm_s2_retrieval_results_licensed,metaclip2_retrieval_results_image_only,0.2075452473986615,0.1726289148588342,0.18063279635276586,0.2366740519532471,0.14566353548123517,0.2014750626690119,-0.034916332539827316,-0.05126072455632865,-0.020322947978425446,True
common_fixed,other223,AP_range,bge_vl_mllm_s2_retrieval_results_licensed,metaclip2_retrieval_results_text_only,-0.02999354642878857,-0.022704006517464265,-0.07336011166907197,0.01079687176508263,-0.06055964752690072,0.012370355192616846,0.007289539911324305,-0.014338020564045742,0.03038412585747753,True
common_fixed,other223,AP_range,bge_vl_mllm_s2_retrieval_results_licensed,metaclip2_slerp_retrieval_results_licensed,0.04210716747320478,0.034597403403677396,0.009975769404940984,0.073825867278174,0.005012090772969146,0.06369490586945534,-0.007509764069527386,-0.023742380743384025,0.01041431028083764,True
common_fixed,other223,AP_range,metaclip2_retrieval_results_combined,metaclip2_retrieval_results_image_only,0.18588362792967336,0.15705230714039556,0.16028247446386132,0.21348740821581644,0.13147456329129198,0.18409642058733613,-0.028831320789277803,-0.04785226586090488,-0.012707470091807754,True
common_fixed,other223,AP_range,metaclip2_retrieval_results_combined,metaclip2_retrieval_results_text_only,-0.05165516589777672,-0.0382806142359029,-0.08167793246682725,-0.024192593733848106,-0.06246641775006409,-0.015443547609816657,0.013374551661873818,-0.002366970457660826,0.031371441235839695,True
common_fixed,other223,AP_range,metaclip2_retrieval_results_combined,metaclip2_slerp_retrieval_results_licensed,0.020445548004216635,0.01902079568523876,0.010768017849158984,0.031210463917356726,0.009633876023564882,0.030077738156743784,-0.0014247523189778732,-0.0064057220420695605,0.00356579680771759,True
common_fixed,other223,AP_range,metaclip2_retrieval_results_image_only,metaclip2_retrieval_results_text_only,-0.23753879382745008,-0.19533292137629846,-0.27964866838345154,-0.19850008005639577,-0.2329376122442362,-0.15983775910287207,0.04220587245115162,0.01935194109198263,0.06938784513966145,True
common_fixed,other223,AP_range,metaclip2_retrieval_results_image_only,metaclip2_slerp_retrieval_results_licensed,-0.16543807992545673,-0.1380315114551568,-0.19131845397862587,-0.14167529087505232,-0.1610058668594452,-0.11580412709621803,0.02740656847029993,0.012354206468963208,0.04566526957283064,True
common_fixed,other223,AP_range,metaclip2_retrieval_results_text_only,metaclip2_slerp_retrieval_results_licensed,0.07210071390199335,0.05730140992114166,0.04030907045639818,0.10608478403213094,0.030560066258954,0.08544816594756499,-0.014799303980851691,-0.03356987881781183,0.001740414391503559,True
common_fixed,other223,P_range,bge_vl_mllm_s1_retrieval_results_licensed,bge_vl_mllm_s1_retrieval_results_licensed_reranked,-0.010919540229885172,-0.009770114942528774,-0.031609925969218855,0.01065247252747252,-0.029142857142857137,0.010406136577496975,0.0011494252873563982,-0.007428571428571424,0.009999999999999981,True
common_fixed,other223,P_range,bge_vl_mllm_s1_retrieval_results_licensed,bge_vl_mllm_s2_retrieval_results_licensed,0.017816091954022978,0.014367816091954089,-0.0005586592178770666,0.036571428571428616,-0.0034482758620689724,0.03220712861415748,-0.003448275862068889,-0.011695906432748537,0.0046242774566473965,True
common_fixed,other223,P_range,bge_vl_mllm_s1_retrieval_results_licensed,metaclip2_retrieval_results_combined,-0.0045977011494253706,-0.005172413793103431,-0.02774646756583177,0.019320521390374296,-0.025862068965517265,0.016860465116279037,-0.0005747126436780603,-0.010344827586206862,0.011699366760095564,True
common_fixed,other223,P_range,bge_vl_mllm_s1_retrieval_results_licensed,metaclip2_retrieval_results_image_only,0.17298850574712646,0.14712643678160928,0.15028240696903697,0.19661016949152546,0.12339181286549711,0.17193390452876375,-0.025862068965517182,-0.03720930232558137,-0.015606936416184963,True
common_fixed,other223,P_range,bge_vl_mllm_s1_retrieval_results_licensed,metaclip2_retrieval_results_text_only,-0.03218390804597712,-0.02413793103448275,-0.06424581005586583,-0.0011164007976073732,-0.051136690177638486,0.0033712626166444706,0.00804597701149437,-0.005747126436781574,0.023529411764705882,True
common_fixed,other223,P_range,bge_vl_mllm_s1_retrieval_results_licensed,metaclip2_slerp_retrieval_results_licensed,0.0022988505747125743,0.0034482758620689724,-0.018935676392572966,0.02456165413533836,-0.015819209039547977,0.02373083131557709,0.0011494252873563982,-0.008990033644385267,0.012792159282837518,True
common_fixed,other223,P_range,bge_vl_mllm_s1_retrieval_results_licensed_reranked,bge_vl_mllm_s2_retrieval_results_licensed,0.02873563218390815,0.024137931034482862,0.007017543859649145,0.05085714285714296,0.0034682080924855196,0.04508670520231223,-0.004597701149425287,-0.012865497076023386,0.003468208092485575,True
common_fixed,other223,P_range,bge_vl_mllm_s1_retrieval_results_licensed_reranked,metaclip2_retrieval_results_combined,0.006321839080459801,0.004597701149425343,-0.019298245614035068,0.031073446327683663,-0.017753094606542834,0.027778599605522654,-0.0017241379310344584,-0.013450292397660796,0.011046511627906985,True
common_fixed,other223,P_range,bge_vl_mllm_s1_retrieval_results_licensed_reranked,metaclip2_retrieval_results_image_only,0.18390804597701163,0.15689655172413805,0.1596466587817859,0.20760233918128654,0.13216374269005854,0.1822857142857143,-0.02701149425287358,-0.0395348837209302,-0.015975274725274696,True
common_fixed,other223,P_range,bge_vl_mllm_s1_retrieval_results_licensed_reranked,metaclip2_retrieval_results_text_only,-0.02126436781609195,-0.014367816091953978,-0.053978415621734756,0.009468864468864444,-0.04277456647398839,0.013176681319442066,0.006896551724137973,-0.0063583815028901425,0.022727272727272683,True
common_fixed,other223,P_range,bge_vl_mllm_s1_retrieval_results_licensed_reranked,metaclip2_slerp_retrieval_results_licensed,0.013218390804597746,0.013218390804597746,-0.009604519774011305,0.03600517241379303,-0.007559244526043785,0.03410404624277458,0.0,-0.011046591931132015,0.011732665133092318,True
common_fixed,other223,P_range,bge_vl_mllm_s2_retrieval_results_licensed,metaclip2_retrieval_results_combined,-0.02241379310344835,-0.01954022988505752,-0.0485714285714286,0.003977272727272691,-0.04294322845417241,0.004046242774566417,0.002873563218390829,-0.007222222222222241,0.013953488372093025,True
common_fixed,other223,P_range,bge_vl_mllm_s2_retrieval_results_licensed,metaclip2_retrieval_results_image_only,0.15517241379310348,0.1327586206896552,0.13391787658802176,0.1768372195552073,0.11173184357541899,0.15480225988700563,-0.022413793103448293,-0.0333333333333333,-0.013114266198282576,True
common_fixed,other223,P_range,bge_vl_mllm_s2_retrieval_results_licensed,metaclip2_retrieval_results_text_only,-0.0500000000000001,-0.03850574712643684,-0.08372093023255817,-0.017611891945773547,-0.0670631439016285,-0.009550561797752849,0.01149425287356326,-0.0017145320197045249,0.026786462490023963,True
common_fixed,other223,P_range,bge_vl_mllm_s2_retrieval_results_licensed,metaclip2_slerp_retrieval_results_licensed,-0.015517241379310404,-0.010919540229885116,-0.03964497041420115,0.008670520231213926,-0.03255847176079744,0.010404624277456642,0.004597701149425287,-0.005113636363636294,0.01444460500963389,True
common_fixed,other223,P_range,metaclip2_retrieval_results_combined,metaclip2_retrieval_results_image_only,0.17758620689655183,0.1522988505747127,0.15260041288191575,0.204079134366925,0.12806842105263153,0.17777777777777776,-0.025287356321839122,-0.037853525223147125,-0.01516853932584272,True
common_fixed,other223,P_range,metaclip2_retrieval_results_combined,metaclip2_retrieval_results_text_only,-0.02758620689655175,-0.01896551724137932,-0.052298850574712515,-0.004677682578539387,-0.039080459770114956,0.0011430213464696689,0.008620689655172431,-0.0028735632183907456,0.021592072036151034,True
common_fixed,other223,P_range,metaclip2_retrieval_results_combined,metaclip2_slerp_retrieval_results_licensed,0.006896551724137945,0.008620689655172403,-0.002906976744186024,0.01694915254237292,-5.551115123125783e-17,0.017816091954023006,0.0017241379310344584,-0.002857142857142892,0.006742525233288888,True
common_fixed,other223,P_range,metaclip2_retrieval_results_image_only,metaclip2_retrieval_results_text_only,-0.20517241379310358,-0.17126436781609203,-0.23954833302290926,-0.17340946403529778,-0.2028905934937492,-0.14176344537815128,0.03390804597701155,0.019524572649572657,0.051745224252491756,True
common_fixed,other223,P_range,metaclip2_retrieval_results_image_only,metaclip2_slerp_retrieval_results_licensed,-0.17068965517241388,-0.1436781609195403,-0.1947976878612717,-0.14742857142857146,-0.16723188194038574,-0.12068965517241384,0.02701149425287358,0.01657142857142857,0.03905393457117595,True
common_fixed,other223,P_range,metaclip2_retrieval_results_text_only,metaclip2_slerp_retrieval_results_licensed,0.034482758620689696,0.027586206896551724,0.010855600649350636,0.06023669086509376,0.007953421931176123,0.04853843423587874,-0.006896551724137973,-0.020454545454545395,0.004624277456647369,True
